"","Activated.B.cell","CD4dim.Naive.T.cell","CD56bright.NK","CD56dim.CD122hi.NK","CD56dim.CD122int.NK","CD56dim.CD122lo.NK","CD8..MAIT.cell","Classical.Monocyte","Follicular.B.cell","gd.T.cell..cl9.","Intermediate.Monocyte","ISG..CD4.T.cell","Naive.1.CD8","Naive.2.CD8","Naive.CD4","Naive.Intermediate.CD8","Non.classical.Monocyte","pDC","Resting.Naive.B.cell","TEMRA.CTL.CD8","Tex.CD8","Th2.Th17.EM.CD4","TNF..B.cell","Transitional.B.cell","Transitional.Memory.CD4","Treg","Tscm.CD8","Vd1.gd.T.cell","Vg9Vd2.gd.T.cell"
"ISG15",1.31623012105328,0.852363095327144,1.83043521190703,2.34718587872206,1.82982254934091,2.32785772152258,1.87497520622899,1.97190976664681,0.927847632266013,2.28093783715431,1.68711401632061,1.99986236908983,0.943771997743076,0.997833931102719,0.761822417084125,0.790214218450916,2.99236574360801,1.44309948947832,0.823229587144485,2.28349758767528,2.26914957156974,2.05214806580565,1.62014341831839,1.28031553684999,0.814455680774895,1.86230169055146,0.913535353704106,1.92937511354836,3.10389224073734
"TNFRSF9",0.10116110958252,0.029183176278815,0.119040370407798,0.186377348553218,0.166227818390502,0.171377306187501,0.097951802384483,0.065300095024305,0.00310092459834814,0.559794890562806,0.103898212357367,0.00840688424493118,0.00256672093726279,0.0076619439237012,0.00218582781303846,0.000980504028138352,0.0188779256254076,0.192630093643292,0.000784217256082324,0.265856244007116,0.262670295742275,0.0223288397642574,0,0.00653151084962161,0.00364158593426788,0.0773187171055452,0.00731998942261966,0.0924992018326162,0.123285761129636
"RUNX3",1.5698085654876,0.734107275141115,2.76964930795247,3.27395432229911,3.80042163830343,3.78830336544891,1.72055250553594,1.02348326265406,1.04690176599099,4.82972608697047,2.31525263438621,1.11900894589572,1.47747797972783,1.32568341488025,0.654530456174359,1.19657441618113,1.12981066442321,1.11591339242488,1.19673286066637,4.51607532907756,3.62018804382923,1.14405281074087,1.26470605834768,0.945291325688832,0.53888990883118,0.911552283498721,1.60645474864424,2.57359135046329,2.68969409225795
"ZNF683",0.0011028216328181,0.0569030289142749,0.980643729707618,0.29448578673713,0.696655841108536,0.67437793562182,0.376664260419317,0.0152500741162611,0.00181701789265097,0.897604927787314,0,0.0208536678192611,0.015638542137504,0.0509756712962552,0.00524902713372398,0.000647246918750818,0.00488888970171704,0,0.0148312727267419,1.65237637933436,0.772103734197763,0.0369302454587567,0,0,0.0032005544213739,0.00720474263185551,0.00786133547580929,0.999859207189018,0.0906734107105253
"IFI44L",0.935121019887061,0.449233934505253,0.590551575440532,0.992100100380547,0.66124385104509,0.91380855229372,0.466283804747925,0.424150364577418,1.03175418538463,0.984679235969286,0.47827691249394,0.903516697158085,0.448357236725772,0.465209830898111,0.427438096589927,0.342051582500282,0.608774753652753,1.04552204442219,0.97923846362573,0.703563041984558,0.404623797856708,0.557109346943142,0.725552224395963,1.44250713436693,0.507630905557013,0.605356323006696,0.260790020297893,0.463392545203078,0.51436028453511
"S1PR1",0.285865629656023,2.04408204532521,1.22713400379672,1.00505328865618,1.02817456493942,1.28933659539496,3.08361850831904,0.196273702296836,2.01515820159916,1.40741348009214,0.0467097202489846,2.84313782051028,2.03118482397016,2.09476788285196,2.23487174614334,1.65148384792626,0.0432238069130244,0.193249743422987,2.43433426735299,1.65632112767636,1.34583155798184,3.45815939006094,1.57001486804862,1.48437389468281,1.77250280787079,2.26947533189155,1.49099041894467,2.58971091244705,1.62681441855967
"CD160",0.00188388411902336,0.0183210749537069,0.0852040521565091,0.464172299154713,0.324348653738756,0.25202598171841,0.0112662771855727,0.00579745687846259,0.00548781768000912,0.197348339236064,0.0123806251254927,0.00520464575187892,0.00430171975237426,0.0082922932822976,0.00188557138763375,0.00168419526854733,0.00337023171002932,0.00681045034512575,0.00398627357555515,0.125585498616859,0.0739481137764774,0.00520306542241906,0,0.00184614062630633,0.00319631557607493,0.00117223085819792,0.00223901232688237,0.0212658729104053,0.0951191810110886
"S100A9",0.0115475468250706,0.242426146170273,0.103723351886784,0.0406864188299016,0.0246075157778857,0.0418156437604497,0.0329890792785216,22.1605635257836,0.0173109822089483,0.0156307929986337,39.3725744146826,0.0162815057071702,0.0168597558686143,0.0262150055567067,0.0235233323292362,0.0115455192905477,4.14663756810338,0.0142654926413642,0.0355586164838985,0.0161628823362972,0.00739092412668148,0.0168553265411931,0.0270054226888759,0.0245316624910883,0.0332024305799798,0.0255766562298462,0.00279192664156911,0.0291090307957584,0.0274845495804295
"S100A12",0.00213083377369556,0.00719884334665371,0.0118963072578951,0.0011822175500702,0.00270791026150717,0.00114644171131708,0,1.35724376421434,0.000597491021224029,0,2.48409686017908,0,0.000591618788469207,0.000574604741793689,0.000667195031694801,0.000681655305277351,0.179517624001674,0.00479229719001556,0.00121696325372754,0.000597248154066216,0,0,0,0.000411220733420402,0.00165756255141719,0,0,0,0.003207341527756
"S100A8",0.0120603851882003,0.207826562148883,0.0334340786022548,0.0177535698902711,0.0239142276769434,0.017078419838371,0.00592151099089003,18.3962246654985,0.0140027026065508,0.00986813307276776,25.5517086758905,0.00484843679432007,0.00556016876910818,0.00930438875320779,0.00847898487031628,0.00610972538035915,3.2297267961664,0.00320363728162406,0.0180083640477843,0.0116213920655394,0.00232209981332995,0.00580263132721314,0,0.0044629495865022,0.00789568928286499,0.00832480433236537,0.00579997958407186,0.00650186550104559,0.00821425301397661
"CD1C",0.180991266745371,0.000543078330903058,0,0.000708208904578221,0,0.000933202137555488,0,0.0534680001068665,0.154429600529447,0,0.0312369522491448,0,0,0,4.41205634280661e-05,0,0.0716074835947662,0.0520909406381384,0.0277235730221211,0,0,0,0.033940956298802,0.177786577243745,0,0,0,0,0
"MNDA",0.073923745789588,0.0100313831822858,0,0.007263002659749,0.00346602997133475,0.00745308464766737,0.00591535791219176,1.55396116034539,0.0701250953688297,0.00925841748124366,0.389948331828716,0.00147733945216053,0.000166454071526513,0.000553828989747779,0.000817783054008311,0.000713234410312596,1.19057794268471,0.197820142878913,0.0549804798789268,0.0316518734313119,0.0862960432828601,0.00468491790704639,0.0147181763590764,0.0495500365211885,0.000940500451593677,0.00117822267465973,0.00236654183158505,0.000199602981685309,0.0102681136829888
"CD244",0.0136889886466032,0.0266310273352956,0.792232081767694,1.58950882646414,1.5783359848617,1.4040992459801,0.0278807907198573,0.0850430036026165,0.0109266522205044,0.790301675482704,0.180317135299521,0.00619272252083276,0.0146589472769701,0.0235052704692617,0.00838094919714498,0.0102167186899343,0.165869234468802,0.0159543365450714,0.0163076127795436,0.340541240367878,0.19339579561601,0.00482761410994551,0.0339164965954375,0.0107209162997369,0.00691034273428667,0.00312753462353152,0.00578573214251622,0.0721883537618645,0.0925562209678144
"FCER1G",0.0201034900018099,0.256131188320607,7.6612703022098,6.04993599443235,4.15466275108032,3.8830619757869,0.811944582498294,18.9350799692673,0.0268136310778961,0.575393292035325,15.0827160766743,0.055482121037285,0.931190225371217,0.904755478711023,0.0551801852967474,1.49022384773683,22.5452218961606,2.45364955592832,0.0581344042463023,0.0735203814577514,0.171994702289654,0.0442263563944156,0.079790764444728,0.0408015458090481,0.0612548834456653,0.654842638160259,0.894438018258302,0.15091064046382,0.0539261423820266
"FCGR3A",0.00833682758636341,0.0124550298330743,1.23658894177079,2.88941327405503,4.14418798322053,4.18145521434652,0.053700048257688,1.55145759886111,0.00233176521122726,1.93460912937795,1.54624093385754,0.00346824169417396,0.00461301307446698,0.0243174681525078,0.00292945097400077,0.00172771863167211,11.762806206753,0.0130340224502677,0.0108759892054163,1.51190710752269,0.349340422905377,0.00782721518204729,0,0.00890919105877317,0.00128618861163138,0.00165035848426852,0.00260050293726807,0.00715559665873246,0.180722637446782
"SH2D1B",0.0018870544135269,0.0144002967219891,2.36261950844799,4.18945857683186,3.8399455249286,3.63703124317959,0.0233098528940902,0.0340644112614603,0.000631103787083715,1.14136194414434,0.0109339766194876,0,0.000196247065321385,0.00551811034757939,0.0012125167856777,0.000459030095114708,0.0320532128378835,0.0012231195026894,0.000740539533406775,0.0979295311919901,0.0293892672635747,0.00117510424153876,0,0.00109612896213231,0.000340290504642651,0.00132028678741481,0,0.00619671127964353,0.0338739838028231
"XCL2",0.118779934131243,0.305372564932628,9.05397844596616,2.70907808752087,1.2011253480839,1.62780975525126,0.579652191392393,0.0244444390196393,0,0.878590741921656,0,0.0128380993354245,0.0142584401881298,0.0140975408949976,0.000608398432333663,0.00177176084441208,0.0680853304625191,0.00264694586122222,0.00131093747630507,0.249714030242095,0.256207477105882,0.00547521341269408,0,0.0014951883263799,0.00215222631273604,0.00162612537234761,0.00844923893304974,0.210727423401037,0.388643493478611
"XCL1",0.400633987012571,0.223183793563882,8.98987250236569,1.64767302321677,0.427139858035438,0.609161872260157,0.567962075695136,0.00920826206758688,0.000815014571393831,0.418992055793302,0,0.0147358892088034,0.00781754266946482,0.0125087944113661,0.00206159629371914,0.00069691644921112,0.127207299955934,0,0.00168956827345985,0.0954948267581566,0.144189152928888,0.117157443325601,0,0,0.00259524038070386,0,0,0.34286562165198,0.115931406268115
"SELL",0.618721979164123,8.30886264780985,5.97623160864624,0.803694293880578,0.422949010268518,0.653015850477848,4.52192738401881,0.694283794832606,4.27295618162205,0.399093785292178,0.334549524099934,5.68447583385412,7.36593544419321,7.89797995999461,9.30940693750627,8.32238733195834,0.119924828631994,2.79430907904887,5.22691969225745,0.594487693046106,1.62163586879491,5.89938335478911,0.474624342550062,2.12287494124121,11.1777778339263,7.16866747936314,6.72751468855483,3.09426342185453,1.26077222407417
"BATF3",0.147393508248622,0.0146163860176133,0.138410639176603,0.0204229143837551,0.00695754150215151,0.00440394619098237,0.0456985261489985,0.121672638030238,0.0245432057311507,0.0125115541265675,0.088115652787726,0.0346339713282542,0.0240763776918884,0.0217630456218128,0.0112573911292325,0.0193252153553378,0.333678800729614,0.0781716621691354,0.0253588081111873,0.00847478651673616,0.0104297033327943,0.0193535037697813,0,0.0271333428954966,0.00737413529413937,0.0127908903727276,0.0251706568402545,0.0116725139553586,0.0116057673849161
"ID2",0.284574086295641,0.466292624033112,2.22968960325135,1.72046823766569,1.56638388869242,1.6796907502078,0.614683242697059,1.37342042519315,0.0377736047578019,1.92231148311242,1.59815895736975,1.04792644694975,0.513961906163947,0.440611041649613,0.455452171103041,0.445081654913107,1.74321989813727,2.15773908283284,0.0326310181785826,1.50447768907718,0.617945951956455,0.425069058674026,0.280988978144691,0.123655371186819,0.593045558445098,0.156528857593688,0.390511855177651,0.596323857805862,0.875760863887359
"GNLY",0.262431692234426,1.78438059344627,233.959783182784,179.499923880779,180.019127771135,161.227115757543,10.1864473321669,1.89518793653149,0.0807993839926875,126.196916095809,0.39748166780627,0.183828644705803,0.36534354414273,2.10106791365132,0.184885104638857,0.073409821561673,0.66758008195499,0.310305036677,0.298885504262278,100.517675798571,34.3021977589106,1.44772705921706,0.0224727646069859,0.238306949067144,0.0735617796944645,0.280848653182366,0.171458792402082,7.17692096947953,26.8746074844351
"CD8A",0.00570442853618654,0.296625143448519,0.488828231668261,1.0085800736944,1.77699869885248,1.68540623187298,1.61033310788137,0.0914770575014444,0.01277998200492,3.18021057053118,0.0198027760453711,0.269337667310191,2.61939725204455,2.86309643966393,0.0222749244937979,3.08294026562106,0.0327052215458973,0.0128827025093885,0.0432452669591723,9.46680867708151,9.22428247563318,0.118646851604514,0,0.0289075301804318,0.0295766596845645,0.144251472756662,2.81146322650556,1.89267833925636,1.18500161546075
"CD8B",0.00956812186628342,0.469793382547823,0.143236763588093,0.125807416725121,0.423516372500118,0.481662742608783,1.49572211674661,0.0826248196438641,0.00881319998638478,0.581437187926444,0.0171344739363804,0.350196033998379,5.86055333554066,6.50612795305367,0.089444978146032,7.49559261417476,0.0204954538398253,0.0521734699083478,0.0406488583639833,5.10292189112467,6.198433178955,0.0789795339045891,0,0.0288299092316786,0.0966624988560463,0.446703765179534,5.4693075157201,1.04807325744612,0.0768960771017413
"IGKC",1.34761751488289,0.0191608733810014,0.0379988744811864,0.00334637205362399,0.0065015422902477,0.0168974846320915,0,0.00544348017675055,2.54401232122247,0.0014157700030861,0.0660605221693899,0.000780320321491973,0.00150082859597036,0.0013635953697851,0.00445789909498952,0.000293977955651426,0.00198582509672499,15.417274714094,2.51081597720549,0.00243634634814409,0.00556074750438945,0.00315573805852168,1.26890508734555,2.85126147006432,0.00191275069350476,0.0017137044257445,0,0.000561518381641134,0.000792040186218152
"ZEB2",1.79697560727169,0.176197750680966,1.86034218328814,4.81759852291331,6.26904165041167,6.16211090220567,0.696832174284005,9.99039598318991,2.35995917493147,9.77769999264422,19.828053145695,0.095515894051828,0.0482226197528687,0.236899958753841,0.0262483759892879,0.0176877596880609,12.9900313613723,2.67736193166013,2.08521416476401,8.1193107083004,4.46155821943139,0.306414673885838,1.95016208497162,2.34878572299871,0.0145235172023489,0.0617912335116249,0.0796478344697975,1.38703580353333,2.68880437004922
"STAT1",2.34289852567262,3.05622463369035,1.31083443559445,1.9264798850887,1.65401650669515,1.68374712671346,1.55993951224184,3.32746098676526,2.1381659972049,1.45136660966718,2.26819379755521,2.77045882265553,2.51509774967148,2.6562272638947,2.28695683782874,2.40796586560005,3.98765923265033,3.00491351509349,2.29433818470813,1.69494380218531,1.69809264299674,1.58176293717437,0.688515313401789,3.31239326928133,3.47405071237285,2.19866099889838,1.78972457715219,1.71313492308664,1.46468426505785
"CD28",0.0130666969814248,0.816646998590906,0.0225265628242418,0.0244470503879406,0.00308966075082763,0.0193885363585279,0.55228623659472,0.0603593108728378,0.00689511365470322,0.0262521817497609,0.0108212511013635,1.14456446201968,0.510401092177722,0.617925430621548,0.865005284142152,0.457237086268004,0.00535897546986816,0.0183702589858541,0.0157917337731462,0.041092383401314,0.459534995267179,1.20023325590474,0,0.0154912618295302,0.859128963517646,1.06842448882486,0.427424787462674,0.590625524768169,0.545613061055372
"CTLA4",0.00318687770314306,0.187194358579853,0.00476794289653589,0.00857976056741982,0.0058410627336237,0.00533023361409959,0.0360367711812433,0.0122456094390326,0.00117839302836731,0.0524569629374043,0,0.120342365324356,0.0151213991581326,0.0350758235741825,0.0756284838995389,0.0249350561238444,0.0317810149681238,0.00179822867282812,0.00173991305430753,0.079966886463385,0.243534377524954,0.403883122974219,0,0.00093114919422414,0.1023444408849,1.93582878639594,0.0175537899544873,0.0630335296492685,0.0419965633273013
"ICOS",0.0211190044817393,1.57706405700697,0.0538622192103017,0.0662954662952579,0.0209529731722771,0.0466890125578109,0.736684682552157,0.12933720749105,0.00824570525790158,0.0793210015941681,0.0128359775568025,4.42092591439958,0.713495100676161,0.714515503518298,1.77339585911085,0.594397451865343,0.00661005018636196,0.023595392473897,0.0184457374013927,0.240611418756467,0.816461105037187,2.50425060521019,0,0.0185066108095398,1.8743305512298,1.72675858495542,0.394076271502694,0.395429627698905,0.313309809272486
"IKZF2",0.521379909085615,0.903817949243283,1.05692531281417,1.03063466966184,1.3662044926341,1.3687348642774,0.424723707386249,0.0997908612490216,0.885175166100792,3.41662890149128,0.0271004377599654,0.385583610924296,1.05405066414238,1.1116439362716,0.388460729829438,0.889160523507987,0.0236060140198226,0.507325940709264,0.970722208034808,1.42612610189177,1.06860091597281,0.292969377292855,0.467110593394026,1.73576067726993,0.376648950775341,2.23131936851777,1.01169554562837,3.14123293991387,0.741875324082893
"PDCD1",0.106421961035089,0.0420755357649379,0.0190997797256798,0.0216009133024671,0.063032875109911,0.075071035747882,0.0774921054371836,0.00641573066700154,0.0301300993799338,0.247023173320151,0.0358749414396629,0.0214255507131435,0.0059903255562751,0.0136641217386374,0.0113700353563844,0.0036396905782138,0.00986429410478859,0.0194379689511319,0.0131192070057387,0.326708185963817,0.805844733187445,0.352747326013166,0.158924061168216,0.0386998007519651,0.0175530471471146,0.0967612857783434,0.0127303186599309,0.23144725111498,0.171230500016998
"SATB1",0.136484912589463,1.96170598367696,0.915723951051581,0.858226900040622,0.543738873740662,0.682271618394498,1.49331481516825,0.279202670027916,0.308819891115033,0.398785388489291,0.161554486000954,1.93987412847684,1.78847677480262,1.74660724559499,2.0803410383705,1.95759703241523,0.223386131008157,0.156419351701682,0.389739664549591,0.260411849333322,0.39447015731212,1.34959119552035,0.647266566111864,0.241302031008368,1.98137495472459,1.64563019747201,1.80381844812343,1.2710300876262,1.28899608010939
"EOMES",0.00399984228938365,0.0362785401984967,1.68490802034484,1.65424110435383,1.60270037686516,1.78237122246524,0.207147010147365,0.0302134194019308,0.00108192968624521,1.18117448194059,0.0068830729107699,0.0101694611033987,0.0628898427056962,0.125410377589689,0.0082038255110782,0.044471249927881,0.00538038656420485,0.00134507801654258,0.0107710444174645,1.31040780409922,1.68830025382918,0.0344736223809447,0,0.00242077108002783,0.00672690418626099,0.00670572301302262,0.106381143407108,0.327874919020355,0.749098858874265
"CCR4",0.0113134130941582,0.0470083384587826,0.00501651401282907,0.00140936235595884,0,0.00137275955012775,0.611972779137888,0.0053951433212286,0.00119402887506303,0.000529116010643063,0,0.0995532862130206,0.00129586980456456,0.00279405874818162,0.0415651523478365,0.000673256925628114,0.00238891780248079,0,0.00209278933330298,0.00392468543028357,0.0518254546337486,1.33567775066472,0,0,0.0486457303521515,0.462758037952483,0.0128584741684505,0.0190077728519617,0.0437347047297413
"CX3CR1",0.00136062696602093,0.011560396502516,0.17498109481173,0.987684234510701,2.10400997187982,1.81302140328106,0.0449348905120364,0.0378016974371558,0.000523228388829127,1.01871366429308,0.079546217147444,0.00107327264548935,0.00112366796775579,0.0198919053394225,0.00225409743578777,0,0.705814411067768,0.027690686259282,0.00402050871820324,1.76215732170475,0.519840042837227,0.017142425699253,0,0.00287869406762995,0.000274056456507021,0.00332493892817291,0.0018107701712554,0.0108993642305888,0.134933227887347
"CXCR6",0.00113303129337471,0.0158871624868967,0.220546828938575,0.0773099679759534,0.00734501974913216,0.0955278262542022,0.341992222470631,0.00392240837833582,0.0011615580371719,0.0814677521515024,0.000967892302236373,0,0.00191821340003129,0.00266818352780484,0.00213246873336381,0.00172745455982927,0.00142451302333306,0.00254074529714397,0.00243355952730862,0.0727596124578625,0.358298740179428,0.13441403579861,0,0.000270945437007895,0.00300221144723048,0.0479304134415304,0.00422792221299596,0.0252912279893839,1.77875168675852
"XCR1",0,0,0,0,0,0,0,0.0199510189419879,0,0,0.0412028244312433,0,0,0,5.91325393662463e-05,0,0.00352507536201727,0.0209180552351213,0,0,0.00284958059103589,0.000646301700096622,0,0,0,0,0,0,0
"FOXP1",11.6014320179016,4.56690224072659,1.77640569649389,2.25362369426327,2.05811179106461,2.10349979021647,2.30624388662808,1.40268919514929,7.5271090973889,1.55719249268404,1.85038155655755,6.44494439051832,4.87074300881473,5.02628490757081,4.76908872340236,4.08298335672134,3.63353982611245,2.63162058986034,7.29198518476337,1.76002526795698,1.83149661052889,3.00798699712131,8.2014337267835,8.47734116886356,4.02625583268785,5.27883517620118,3.9146248889476,2.59709459083854,1.40134340360147
"TIGIT",0.0407173252300059,0.21844049721129,0.89774947411646,1.97104891056428,2.01405938470969,2.13820485395827,0.166558518650096,0.0464377092578455,0.0161854212266781,1.75004964658406,0.00523530296499093,0.0457203065989026,0.0134640099469568,0.0653329342103653,0.029712658714908,0.00884163869247822,0.00394983140052487,0.0203857207308476,0.0172109480101758,1.28905088423411,2.10480162378553,0.559031107967072,0.0128218557211352,0.0106097986699621,0.0427983305244618,2.08014026563387,0.0123681692865643,0.447869467198755,0.220221647596348
"LAMP3",0.247432770439032,0.0789645054974448,0.0349824450468131,0.0387873627805772,0.0116907272647908,0.0167273240492771,0.0640781364002785,0.0970340517829418,0.0352262118779006,0.0390485312855536,0.0472723440448615,0.218535008970209,0.074630271409768,0.0491930922496712,0.0486635217621876,0.0230537508669928,0.203547240713058,3.65515462638624,0.0663818232323789,0.0191959440143237,0.0760647844440825,0.0707763760977777,0.0409331169303764,0.0576515802981659,0.0568333098330463,0.20200223380938,0.0268024712494367,0.133111618927943,0.101399466115826
"BCL6",0.419182917879169,0.619161930268418,0.903660454782587,0.637569890899541,0.45097496569889,0.547591615787165,0.390397215121381,0.840623854060951,0.767265664592656,0.618802989260524,0.970018705358843,0.499525344685643,0.348856322828407,0.388271582758885,0.466995359060438,0.347840053542461,1.41258729517346,0.233274101711003,0.751108508936626,0.344562385526936,0.292850041432675,0.488145187595063,0.602054164660746,0.927471986835682,0.461984825722583,0.643855376214757,0.371309314209539,0.774219084889731,0.664569845192224
"SPON2",0.0250857371115877,0.108975879137987,0.518122546957281,3.68682394119367,3.67294209423631,3.05482606889656,0.0970128875376226,0.0665211863634748,0.0491944785358399,2.52359637409589,0.0352723350950251,0.0750392903727474,0.12003608259761,0.162972540397794,0.0681177395314518,0.156889301184661,0.0366840878040994,0.699854367088658,0.0359823538256031,2.00790149911111,0.788842237360606,0.11419535566241,0.200143522354806,0.0359343347404438,0.0882215080204158,0.048105331801466,0.141583428661185,0.166174370306627,0.754920273989143
"CD38",0.576763536525452,0.364262663186048,2.04900374770052,3.72980918315465,3.28721267458134,2.65502403479621,0.214258019882015,0.135011301552665,1.0632178448084,1.75397161902225,0.0795438325420409,0.260316370994746,0.368499448583099,0.35276189070584,0.255984910449675,0.395754281625988,0.102407704001144,1.39733241008421,0.968156994941057,1.59249312264204,2.09762708849535,0.199668301215897,0.499315834619483,2.47868036514728,0.371310491060506,0.233500427067478,0.383080329964609,0.318658290572446,0.519618213270041
"FGFBP2",0.0036834914419422,0.468656109103992,2.44896971795291,6.94779269081977,11.8269425843287,10.1118236683951,0.838717438403224,0.203491256361149,0.0112302833755852,10.6415573109579,0.0121216707921235,0.0735694065013918,1.17416416807943,1.08228424837393,0.407113122061879,2.14619153237364,0.0350764188579869,0.0334025774088241,0.0214837008446143,13.2742157979507,6.74418402547788,0.150289207438775,0,0.0248671908683695,0.51406531479114,0.0303383671628131,1.32466447623018,0.620130195955069,1.42070852037749
"JCHAIN",0.518944208466912,0.00391342578880393,0.0145503967665037,0.00286859819170786,0.00126701907535229,0.0127051680893116,0.00262605898924908,0.00501484712259553,1.36810670908967,0.00242421766029092,0.0835352856006903,0.00529726245244803,0.00230474753827357,0.00300987016010428,0.00461708883248544,0.000848389748621608,0.0068271155489821,19.4173529259949,1.05081549248146,0.00331615909099052,0.00400684504327295,0.00249957459090716,0.151410322040154,1.22553544338224,0.00962917817945687,0.00101959248927389,0,0.00707992179146306,0.00544051468667937
"PF4",0.00180277299852506,0.013856427236389,0.0101932298693096,0.00938946863940817,0.00550827221834881,0.0233976898410726,0.00742719314967272,0.0237482738185486,0.0153497814234144,0.0200869106796089,0.185741574974606,0.0131706079965364,0.0054821932905149,0.00791549374367497,0.00547659709458304,0.00234584304011623,0.0364049603332125,0.0330095729001209,0.0157723587005884,0.0238916374499826,0.00565255690574493,0.0113780474311457,0,0.00665010678092542,0.00291380081158753,0.00582486354136215,0.000778766161831502,0.0110192578716423,0.0752860190333689
"PPBP",0.0113009821885271,0.0574830956685876,0.00817206038266956,0.0300853026649437,0.0192449171235642,0.0426490363484284,0.0105099326880225,0.774714508813144,0.0247563899984483,0.0575448373895828,0.62020863848395,0.0541591337387681,0.016303276188695,0.0310763901915385,0.0187506872836295,0.00480936445821715,0.0942197546991877,0.0717923221849848,0.0428945594593076,0.0627145795732858,0.0427250065525517,0.0232429977358998,0.0363782806718856,0.0222205128404912,0.00333445421016574,0.021939723505849,0,0.0328711894013731,0.187514443116708
"BANK1",1.56573939640914,0.0412131116905314,0.0624328802145418,0.0133733088158606,0.00569342777016642,0.0247226707916383,0.0195449171517594,0.0405340331312954,6.01424309603168,0.0035889483561791,0.0211308441165439,0.0033117407635422,0.00321383469633233,0.000806804466323248,0.00685870539311595,0,0.00661842866670516,0.12639389759803,5.10070915244786,0.00654687913027992,0.0126007509551278,0.0218984317508182,2.78051733902665,4.13408661534758,0.00773123108643993,0.0421352128533343,0,0.00300116316108827,0.00849452227550552
"LEF1",0.21994236641309,6.82963096175537,0.616025031132191,0.260308693005726,0.0965950821800562,0.140590438895796,2.43798145026936,0.659199493395249,0.0948182625853832,0.198644591203459,0.0842856867628711,5.73340220001814,6.76355497688932,6.87452981032245,7.21726859284778,7.37791434220178,0.0549063517792471,0.193577154492502,0.165683359994887,0.241599236676295,0.906615764965684,3.24762650037748,0.0274968083601543,0.300488863987601,6.76474075105947,6.95863221372076,7.44987533426949,6.02246732549303,0.327920858765759
"IL7R",0.219473683438974,8.4161008660153,2.81059627762333,0.526295411793115,0.144028685908691,0.398605228639516,14.5226104276677,1.62473420062498,0.117211605796601,0.591195500530921,0.367360354224988,12.6594061795266,14.6129063713066,11.8957386166789,11.6396519708375,13.4548595267175,0.237991758683801,1.20572647254592,0.202302867543361,0.831287317586329,2.15844201957672,11.8527132022831,0.02172831351349,0.299731923583507,9.58554733300872,2.95693247471366,12.8304605224529,11.2183835424882,11.6687725942741
"ITGA1",0.00464195571467424,0.0573530776754746,0.545948869158804,0.106988070790463,0.0941701335410035,0.158029120160356,0.384395637869774,0.0608624849441684,0.0017489676676041,0.11075217568955,0.0657877127679908,0.126598087627243,0.189289247879427,0.127270386571955,0.080862947450274,0.0932643713884527,0.00731571232740954,0.0145829438287373,0.00679235311809713,0.15842697030664,0.480730610366848,0.0274938642707874,0,0.00415882924923314,0.0980175678220156,0.00382922560708808,0.139307587205987,0.152142447697782,0.152387741491445
"GZMK",0.000682056312478916,0.540275617914007,4.00211702489029,0.474238954536913,0.228219163673758,0.457314172972167,0.703885515604327,0.0312163804783675,0.00447564862157543,0.429150365816218,0,0.129567652093392,0.757419984617035,1.46248158857167,0.0894871787831536,0.716273030132203,0.0031095393738687,0.0115890295930271,0.0332014995890407,0.592304623027098,3.37607036846993,0.367353690354163,0,0.00963096552201817,0.106919978463349,0.0853980502801252,0.927618723172766,2.22232448058081,6.4440821371055
"GZMA",0.0177650609832483,0.597815475499781,7.18337181682422,8.86351225842342,9.84582932073366,9.26880659382262,1.51879520278321,0.157178152804514,0.010067898654298,3.36153798683879,0.0068246714603159,0.122207458152541,0.409042598059059,0.535221870987457,0.796586800494149,0.690511309717443,0.0237601461916757,0.0214763615868278,0.0196651147134515,3.97501732523946,5.18764537095849,0.537271082665827,0,0.0335998376307053,1.10193520309332,0.0869537556680459,0.756550291092162,0.204526536605131,5.15075821639285
"VCAN",0.00117906046395866,0.0236981817291559,0.00842213654036426,0.00332530028813289,0.00173929594123642,0.00288486380402724,0.00289521400325211,5.13853294107265,0.00240157198350684,0.00261977750129207,3.77835144392854,0.00167520587329578,0.00104265394041898,0.00102364350149644,0.00150131014391981,0.00187426371231758,1.38060757911078,0.00467365939585474,0.00145951691219859,0.00104110405702851,0.0017809844997357,0.000772891416804792,0,0.00343288368101425,0.000901450404310673,0.0011964103859907,0,0.00211811010767967,0.000661190248237267
"TCF7",0.297911064433302,9.21675470794686,3.91616739606698,2.07518846237475,1.0328109004596,1.20051777134395,4.38914413248303,0.802281106486085,0.215486425619542,1.69818387809225,0.0955606059807616,5.30113352257619,8.9210149799781,9.48913691155149,9.7882455985757,11.0834520339354,0.0887552560981715,0.362604103152608,0.342817049011653,1.26314907898879,2.94554316738512,5.07755093254512,0.140198865130051,0.22967654022472,10.202801846788,4.12302696915095,10.5852268634605,7.79006096955787,3.26233386226448
"MZB1",0.438832512515144,0.021908839601379,0.0613251231754273,0.0119749015232043,0.0084779800353935,0.0178047529242509,0.0189664560688303,0.00318223915266335,0.715107233338086,0.00745919089141272,0.0239531728146538,0.000780320321491973,0.0155758079889379,0.0273685366608387,0.0158047835550391,0.0207390470544917,0.00114191998378595,4.20003106970864,0.490992084726813,0.00929407640038676,0.0328555085692567,0.014947354130942,0.435592310002569,1.46439566204801,0.0205938491981718,0.00124360705837899,0.0200858865044979,0.077639887229295,0.0141044006846267
"CD14",0,0.0577156193013831,0.00394869727993384,0.0171858245587336,0.0168516870461226,0.00631527159742414,0.0070318988704327,7.14536375184373,0.00446104700480658,0.00574792996497288,2.75380456521026,0.00426363253517114,0.00366955868549176,0.00266820136903664,0.00392546518621719,0.00518987533623003,5.02546823348306,0.00371962369311022,0.00289551503380741,0.00224058189100732,0.00694491253165794,0.00370715309891744,0,0.0051260992881997,0.00509809343687509,0.0113527421768036,0.00966063975326922,0.000754131547388948,0.0113415809757729
"CSF1R",0.00364679604549947,0.00915340454171542,0.000877909479807028,0.00466689740414469,0.00288274898744026,0.0148944272982455,0.00427620865601487,2.92019655445349,0.00261523827448231,0.0041263172272121,1.39763474242049,0.00242969057199216,0.00221986088254673,0.00272030835243311,0.00248156742691726,0.00463195786565282,3.94940063950785,0.0856867689883355,0.000891911058073058,0.00503575009151573,0.00368132582739549,0.00447989922341918,0,0.0012807221918837,0.0027985491701498,0.00286507277977231,0.00554456260524158,0.00311751520611942,0.00566646728549891
"HAVCR2",0.0236480019261252,0.0373979798788499,1.00075575784852,1.64124395397644,1.52284403098126,1.37257707274716,0.0634629329762135,0.979444810083563,0.0288933743045263,1.54481311160415,1.86774361312664,0.0339237609902154,0.0526870937511132,0.0563878327199649,0.0241065793993146,0.042828739220144,1.65098776205123,0.122286207187011,0.0335419209048031,0.918814092303304,0.449221499292157,0.0408108602521141,0.0104143668273256,0.0330454256004669,0.0226541793324182,0.0395389293599043,0.0362993350471546,0.131203831404919,0.160656652793291
"IRF4",3.23686474723269,0.272892829537919,0.0997181341088077,0.331844419193308,0.280176034286169,0.27926278214684,0.221243876367327,0.126671128816926,0.864857539332211,0.718931947861802,0.0988915465853672,0.90642005231829,0.415858363621566,0.316354068569472,0.217990052559231,0.292855561169609,0.0626161266230764,2.58543428470925,0.874297066059584,0.50010842528785,0.739459669122895,0.231112250076628,2.20347414532675,1.16066412762092,0.214217261771901,0.777966120102526,0.282527343331573,0.155019555218658,0.398752529403057
"TNF",0.622835345005454,0.0805186069064023,0.142925191863498,0.0963755451707331,0.0653746736358634,0.156218784840416,0.223486567507947,2.9773008129066,0.229373654866172,0.20981135890571,0.685234406436683,0.228306886571693,0.0107087421693144,0.0222863959439032,0.0429302749540594,0.00715491863054838,4.0554243212505,0.316745228957605,0.222633953281133,0.171777934000482,0.0334808148242927,0.195182398977634,1.33044305661847,0.162242319632944,0.0253450248471853,0.184058207868715,0.00953653398486933,0.0252217797531895,0.889479516742742
"NCR3",0.0635551474992707,0.13895260013351,0.67573801915112,0.308898219447252,0.329012003136577,0.309251884847185,1.79361209473349,0.00962187889591837,0.277806363945186,0.21275264477502,0,0.0140313891859817,0.0744708160061119,0.0658367812142578,0.0226492546893617,0.058779567835615,0.0128757354626128,0,0.265718228668011,0.108435038784851,0.106895138800656,0.142378596046036,0.124948446105356,0.135740649971236,0.0193905524136177,0.364679389547078,0.0570647851612224,0.499605278374315,0.848167673963971
"HSPA1A",0.0969615148025453,1.29182966687295,0.906151267586054,1.73817580421008,1.272590224359,2.55980243381083,0.6720869119547,3.87251736581107,0.352135580922095,6.15771270845169,1.77197815708501,18.9716626559882,0.907340974687338,1.07395166348265,0.988484660942569,0.31282660951414,3.24109555361239,2.77629415769318,0.385567624343995,3.03312297520452,1.41322044887427,1.69098094434769,20.5815708163708,0.517179000461855,0.739004836750252,1.49658383755424,0.316246208453663,1.00638833252365,2.50334521385222
"HSPA1B",0.096463899940198,0.757833131285337,0.434712444525004,0.928003234141796,0.735123357607175,1.19465292208682,0.397844294624293,1.46610742199411,0.263762094214783,3.49653480940389,0.691077928236305,10.7498074169946,0.515545423141581,0.661938038428582,0.537702776827409,0.105356627830072,1.29342180918866,1.15305172542659,0.305572352361077,1.93134551747162,0.912054810372012,0.940103456273846,14.1934631033426,0.382970936256532,0.227859306224988,0.613205903024343,0.1554237166033,0.427032971429485,1.6591206663037
"HLA-DRA",45.1634244307139,0.322286411641601,1.72021017341811,0.527423724091531,0.889558302619779,0.924509996934436,0.32255442064395,21.2825383235836,42.1661236170167,1.12970657060201,13.7674265302627,0.0227869357187123,0.0167954187993151,0.0577096943166942,0.0231217002341389,0.013837261009579,23.0877586807385,48.5709904130249,41.1785097999127,1.2783745965816,3.44746204925784,0.175567224360894,44.7069046400176,37.5222884569818,0.0130047460236384,0.158251864012498,0.0602806483631038,0.108235629199118,0.327336684929281
"HLA-DRB1",40.8307851647451,0.342011589015876,2.29348369143786,1.11452158159673,1.80183397885969,1.78431415280425,0.570769585433144,18.8474762137828,36.3604052908776,3.29135433117872,13.4887678063745,0.0254600175354344,0.029598662335534,0.095535140677723,0.036414983002532,0.0163578500571545,20.5299050793011,36.7449615651418,35.7441464018563,3.85863877559908,6.93784331092964,0.388230090846528,37.7546747735979,27.84471156342,0.0285151406916788,0.426403259785912,0.0796649568224541,0.261516307296206,0.867309282661502
"BACH2",4.30870129087271,2.69567361022774,2.01525738904223,1.23675032229385,0.569382027134905,0.818287277302524,1.92178326116513,0.371889770139768,5.63657678489523,1.2516587437636,0.0961317870752359,7.21013102704631,3.84402246873302,3.56859985813001,3.01352473438291,2.03813932069584,0.164591772117971,0.223657986867461,6.25716135674295,0.773543224947511,1.02934859542863,1.42300611227455,8.22551836679407,6.57668406847993,1.91179506451375,2.17906620673128,1.88388202556455,4.63308408279207,2.04859703374057
"PRDM1",0.0295142190425594,0.0664086192015634,0.314619181713723,0.827629515062919,1.1385916519476,1.07127245041367,0.165211883574653,1.07963439755819,0.0166631791918916,0.98145691974432,1.95651561907919,0.142516158229785,0.00758474992150977,0.0205989958640908,0.0389134302310368,0.00651775547242706,0.956135695989544,0.492726212469715,0.0182855526983124,0.86608753967901,0.385934216276403,0.286630886964428,0.0407872144315777,0.0227031158022069,0.0337379144744923,0.494019050965893,0.00478519419208412,0.0114358624552136,0.336643776978474
"TRGC2",0.00292799102678765,0.0918472332339354,0.409483574637637,0.419108648280967,0.66100142985756,0.676693348016745,0.269548933031216,0.0387466578938568,0.000849191513796775,1.86399168644712,0.00890017139175162,0.033407839462797,0.102488164018744,0.105421756749006,0.0225231511275322,0.0780133045726164,0.0142313487073048,0,0.0126777052918021,1.44304487184781,0.942937174243898,0.0896559990739158,0,0.0012227024042994,0.0221365728883649,0.0378940652431158,0.159981943863373,1.11289783205528,0.920938505771148
"TRGC1",0.00195718912438598,0.0135427378413288,0.59146155501444,0.51400203579821,0.530442020855416,0.538520833447537,0.11997057727366,0.0302757207982753,0.00110638014949358,0.214404875486729,0.00294844838734574,0.00924848331297401,0.0180904455123914,0.0243556791922097,0.00688043631752087,0.0333064093558672,0.004334066993668,0.00538948285228089,0.00247442542626764,0.1857140441872,0.10048422978438,0.0308016245059192,0,0.00361055779354038,0.00789567150642476,0.00833854002773168,0.0377128475332401,0.173082901509205,0.543103342057357
"TRGV9",0.00109025668131099,0.076801907017411,1.10065302554407,0.934219243603011,0.987527452164367,1.12446267054417,0.30447994330532,0.023981286528271,0.00148253984178773,2.04823475948685,0,0.00363175965127335,0.0151789017230631,0.0326803624638672,0.00587281015877111,0.0148251640276096,0.00342941886716355,0.0109093464851987,0.00677450032924057,0.959010284667832,0.572109359239219,0.0415734614709008,0,0.0107163906282087,0.00198615677067244,0.00268492289830486,0.0351739076326645,0.534124150364352,5.1072858508705
"TRBC1",0.0399240775611061,2.01190111812199,3.43842053869311,6.47820399418285,6.01300604561135,6.80412040934808,2.80511334184133,0.262980667349096,0.0541022809093026,6.27832122125475,0.0440077849560774,1.4199644558348,2.43620129040082,2.61681778238937,1.79317525613999,2.39854909091829,0.0709489505066561,0.0482355351608849,0.0924938777294411,3.41836038272944,3.80509457014815,2.44289323878566,0.0379684973108954,0.0912325814785494,1.72642932764004,2.1345485631537,2.3777203786295,5.04519231640347,4.72986377142725
"TRBC2",3.64013139013567,4.9007455242475,4.48674182905176,4.66758008293051,5.51493705111768,5.89623095617078,4.5910419186332,0.406919865390028,3.99416009828495,7.38898020650837,0.111459054268814,3.06738969715987,4.82847704590414,5.21378762328129,4.04013486832824,4.6752160185574,0.0775284835029388,0.670749715443148,4.60499825219089,6.48681656000011,6.40412333588779,4.41013003140788,1.56021649418566,3.97204480973279,3.38943223318248,4.4542637458542,5.28364279827453,7.48299210386866,6.60513955856316
"BLK",0.915581196715912,0.0772564875292066,0.0217796809239268,0.0068365716761497,0.00646418641950601,0.023510099997392,1.53232452198031,0.00725376678922311,2.20923279268443,0.0302924445067589,0.0121525583721487,0.00535133448144267,0.0348585546673494,0.04171146067383,0.0302011832927117,0.0585924041658258,0.00149188149304085,0.725732098398366,2.23386574316819,0.0297383995315856,0.0330255560738482,0.110372688714978,1.08499624745265,1.89955092278993,0.0364371899651127,0.0453563463309478,0.018966491491624,0.0681035886408586,0.421340197013776
"TOX",0.0965883598861522,0.706693160919428,0.876901912867931,1.52945784167284,1.66836888420376,1.7267476734328,0.524416532028973,0.0989171898976665,0.0454841520869066,1.48373490565968,0.0316574775886106,0.522594998270128,0.457800297494176,0.484214848420773,0.5362713164969,0.47852056167397,0.0219399763344111,0.0456911329066743,0.0378705206811414,1.36113807145046,2.05312697066957,0.8037517968875,0.104845933490908,0.0348372351086462,0.527520152609962,1.68057477192791,0.471099230033257,1.4577249455313,0.52824910276485
"PAX5",1.42463647051586,0.0158299436435641,0.0079385154661048,0.00224085434032752,0.000899048860248788,0.00901295410740222,0.00137564751728639,0.00638275505852669,1.58383254682047,0.000562853387499341,0.00139933414084242,0.00150828425392711,0.00169877114000271,0.00194231773791466,0.00166327767314968,0.0011690273850052,0.000740394263647364,0.027604533972429,1.52731799040109,0.00111003065404451,0,0.0023733366222053,0.618882883451473,2.0646442724932,0.00210297940384717,0,0,0.00139714114511844,0.00235483788816871
"FCN1",0,0.044637559853536,0.0138450236413868,0.0067773363185763,0.00270316434796957,0.0135847970352784,0.0014633712326971,5.0768581955486,0.00394945969025374,0.00186576223174622,6.93496304644843,0,0.00219951112187818,0.0027426469216345,0.00126701150120182,0.00199913389297537,5.9685255272749,0,0.00205502150571802,0.000396815948826615,0,0.00073967683507521,0.010488766007168,0.00123751104869194,0.00076762235948652,0.00229590354103862,0.00964591846347901,0,0.00592101027034452
"CLIC3",0.0245473977240368,0.0885486099038694,3.98491273704891,7.52830215656951,6.57783773315813,7.02683855384381,0.69311362239757,0.100640192605607,0.215997320214733,2.9055453189464,0.112007442601505,0.0553170818573082,0.295983955418651,0.314850219646917,0.0272384710017624,0.340636163036956,0.0249687323105505,4.53004557841239,0.28934974569261,2.72608113178178,2.06731580404422,0.16540133524772,0.112327723023948,0.0571537081694077,0.0341114419777793,0.0785419572561394,0.390158403444222,0.460650717880595,2.20040347606902
"IL2RA",0.917739613129113,0.324401044646059,0.134635914870857,0.0500646889786832,0.00794418063544243,0.0120294689763504,0.356923204046391,0.0471633077630053,0.0716904814324799,0.0116933430884936,0.0175711798431077,0.0947984971871286,0.00339664821503086,0.0195415673592675,0.0367011819807802,0.000714822776710496,0.0206712487628408,0.225928173455361,0.0866374648686116,0.00519202004707564,0.0215642279239961,0.181657912935268,0.186127834548625,0.119023214895815,0.0335869584987668,4.39586154314142,0.00364319163989528,0.0265847764782461,0.0280457784190064
"GATA3",0.0209217477730614,0.503057067657226,1.55663823027944,1.27998343238868,1.10877653420019,1.19394372139578,2.48831599488899,0.0625924093342104,0.00808531783875384,0.84299056842997,0.00770903349746754,0.627616251253823,0.386941664590176,0.351782472108801,0.469614073450102,0.38306116917733,0.0169307393306791,0.0128547054949191,0.0151580021128694,0.725505967397058,0.714824923348082,1.33876593359832,0.025081536492059,0.014129085302897,0.45836116769357,0.994439619246025,0.407210615563515,0.804902505647235,1.24369035390117
"PRF1",0.0109265345454197,0.123964795671195,8.02341118287188,12.1976984628926,14.8695977476152,13.8716186435876,0.803145373082658,0.174938666637202,0.00797473513993026,9.5018916585084,0.013744923904123,0.0320438468171908,0.115252556599975,0.236938306453926,0.0312048666670317,0.117817598694411,0.0407488391796503,0.00774013072782322,0.0279848065945525,9.07578823144728,4.31174530249612,0.126229603449495,0.0256524667946788,0.0180939950268421,0.0285567318771306,0.192798367182288,0.100266653117866,0.266007102005971,4.48799066746321
"FAS",0.426881130225479,0.250777844939608,0.182396141565842,0.255291199051104,0.260978046462885,0.26523978645808,0.38571662965721,0.130418354792946,0.213191118323951,0.357483672833837,0.122040833282085,0.553250826464705,0.211152725916528,0.183317824529843,0.199523089641722,0.135811918007889,0.216661347891412,0.462580081444733,0.228957815115987,0.423410923462459,0.487227463730905,0.511609361203988,0.075402228646989,0.226092067642415,0.214543203805026,0.72350272597255,0.273543952372929,0.313975599493488,0.457924107943263
"IFIT2",0.426640212322371,0.200702554032673,0.179232807265601,0.555191031148733,0.558442681502204,0.629074042453321,0.299489222169602,0.712532798656642,0.387852558571814,0.925121554791352,0.336568469717502,0.650828964655806,0.182488266921827,0.182411168906551,0.17336115945477,0.110834458741326,1.93633399465287,0.719103995715102,0.425384133560133,0.956672080645973,0.359244792302075,0.485176257572144,1.93924837835219,0.366303293302617,0.184358453781358,0.353461654117558,0.116910578146518,0.202787596235815,0.881950294883306
"IFIT3",0.959414310141968,0.282895907597399,0.134318162870429,0.603519101447452,0.658340797354198,0.624374245217882,0.449888981952954,0.647655194336143,0.387881335854425,0.67117903654911,0.336285313675879,1.18091018299341,0.212208160919911,0.170497732182873,0.284522242059036,0.0926393176477357,1.67664163728291,0.334203209053673,0.488690724516726,0.915176758529116,0.249755398337243,0.449522177510221,0.289661307079413,0.524943547421442,0.322134344896327,0.622006463287852,0.0800291573137356,0.199711319969267,0.53189804137375
"IFIT1",0.445548842763633,0.166957477974416,0.12240485173087,0.384628952141247,0.394184636523671,0.463500941690539,0.30428281367002,0.26671693132231,0.227151732770954,0.488649488059358,0.111325464468787,0.755798065355572,0.221978863080561,0.156817392937509,0.155304187638723,0.0697388041939873,0.508751598860254,0.155877675932753,0.244364183114449,0.75068012764806,0.293253790312407,0.360009252459925,0.141541687236687,0.319079467193704,0.118293936773763,0.312069727014264,0.0613468716650083,0.307915828073995,0.340484216386041
"ENTPD1",0.172289435987163,0.012993593099099,0.381857554094692,0.189911873610696,0.0770235783177782,0.13253605111853,0.0173049751141821,0.266921816237631,0.166255462274939,0.069880785999495,0.153168856986408,0.00436497924099273,0.00508853202115901,0.00998244789535426,0.00447301495384774,0.00395367087058856,0.216648117344971,0.392766080090335,0.12717767324137,0.0597783932632273,0.205175377912472,0.0250164282398835,0.0494092727651214,0.0766379358831071,0.00433101470348728,0.116327185343677,0.0192724243438478,0.0111183876923238,0.00573606018453302
"BLNK",1.2532415415862,0.00937188956851463,0.0136892780661404,0.00416328135500212,0.00468048388409623,0.0152263074247087,0,0.11200442756007,2.1065075602022,0.00526563164046025,0.0407961417886759,0.000475915623586531,0.00153609477883848,0.00253410309986968,0.00175662776603916,0,0.0169631830266582,1.94784920418628,1.90678570316649,0.00133143012965796,0.0002998900722951,0.0016295444889162,0.584103231642359,2.21618559726208,0.000743759670105261,0,0,0.00221346456443711,0.001545786549152
"MKI67",0.00453902571375933,0.00580212292556927,0.236962596001714,0.0570951061450851,0.0304034672657282,0.0159182048903005,0.030254317503205,0.00663347106922601,0.00105623711498953,0.0326178037377593,0.00765340577498489,0.0154825691186887,0.0021209238476873,0.0069921087426856,0.00272660838678497,0.0104032390582533,0.000698528508279667,0.0640855466450942,0.000589246510452703,0.045940776210925,0.339508184979236,0.0313047445940013,0,0.00511162475382017,0.0102719946213894,0.0304219739608749,0.014017790912967,0.0108022167074608,0.00620683216635804
"IRF7",1.71759713100307,0.931755344486956,1.89711597561803,2.07803533848199,1.71831837133653,1.95437429287228,1.21656942809345,1.4911212757064,2.02907358146268,1.75853511391432,1.61125019962052,1.29845902315911,0.81994053777953,0.813409814654092,0.794853332704025,0.693083794826806,2.53039784061321,12.5535737114084,2.14866624699989,1.57425399899958,1.19976130783535,1.20883413884843,2.51817097658621,2.49593608149416,0.81823941682878,1.40193364465812,0.774881984033242,1.33237959242655,1.34554623966193
"HBB",1.12894722447088,0.951059767036916,0.335251142582523,1.36382665455761,0.349349284735199,0.278558300566301,0.99538942101376,1.55952241931763,1.3299350333298,1.96546414537827,0.167212710451554,1.37172520744974,0.505971151246033,0.660200438196614,0.6085301232573,0.879145930274353,0.309275597017683,1.73418152466037,0.830390428808016,2.00075113027626,2.19857138631387,1.62792083231189,0.095045607166988,1.73172986784654,0.845156906251699,2.19938159509522,4.50011655361582,0.236472364500861,0.861832294638015
"MS4A1",8.33686053826519,0.0871344055306099,0.0387669793724741,0.0166000315149171,0.00511916106888432,0.0462043628063323,0.00716890483162978,0.0245530971708716,11.8164365249602,0.00420348258326401,0.00305971733083917,0.0045869808138917,0.00163953659093074,0.00350410473774787,0.00539458702583165,0.000370985216535909,0.00871614225219124,0.0835466728911508,11.2833273644762,0.00273516843102685,0.00516144046192839,0.0151831860422509,6.08680146077976,12.7276394126239,0.00118043960616241,0.00639347865954994,0.00265141923843285,0.00589571369404098,0.00189434224951034
"NCAM1",0.0016718597758301,0.0100928312624637,1.9226141465144,0.455823008032373,0.327545056064794,0.292884649222886,0.00237517349948635,0.0459740880719986,0.00027048355020479,0.0667398431521556,0.0163286621632047,0,0.000517325540708203,0.00177584567056652,0.000646201116370654,0.000783500417935291,0.019422715635966,0.00488647497025358,0,0.0104117774041017,0.000316667923838324,0.00158812085599714,0,0,0,0.00191777513901844,0.00405175878745446,0.00153197285468,0.0106470436462891
"ZBTB16",0.0119415374092608,0.0112891995448049,0.300560238248738,0.943737562948614,0.570055889412687,0.573681497232003,0.395821009634364,0.0205080451991094,0.0347339956295702,0.149834860908576,0.00867321123686967,0.0171098216656883,0.00353690199517791,0.00373030102560464,0.00443118928846464,0.00213788667799019,0.0178838679004406,0.0012231195026894,0.0311300139636896,0.0302583877398688,0.0124665536858441,0.252533929656806,0.214631723451051,0.0347061901766621,0.0073660021801628,0.0171760000911706,0,0.0267103370029432,1.15498125529364
"CD3E",0.0944123741676701,7.35385301897515,2.57483375518202,1.35291235625539,2.63719966331366,3.06854434039805,5.47920420925989,0.578111255112528,0.0560477771529092,4.62781644568675,0.0997156411828727,3.79296443548021,7.15028119068615,7.41458588278292,7.09016696473691,9.33197872660716,0.0673009435776531,0.407498295312464,0.156012245543584,7.03375221157109,8.14609813571019,6.71949543255322,0.0143254571969664,0.154572135395557,7.46090386866206,6.66186217996872,8.90758754490805,6.53758748804364,6.60519606089501
"CD3D",0.119186059047508,5.14114468942729,1.33809059205779,1.80040125394393,3.19208739302531,2.63252327152057,4.74462896909607,0.483291456488616,0.0603848817385548,5.97589913547852,0.105319397828676,3.66470077669627,5.44142024374502,5.41818863773127,4.96365293467243,5.84493289210211,0.0604865686637592,0.157005658178866,0.127826663553413,8.63003644837412,9.36606268329959,5.37479694779756,0.0112164711635743,0.095488175377486,5.0486304095018,4.72131959169579,5.25188405922738,5.47073116594655,6.6342203505402
"CD3G",0.024489652630896,2.10944072820558,0.335505622603931,0.670874940094784,1.82906643952658,1.44263794612401,1.78042642701343,0.23548479267939,0.0172604596979995,3.76743516382925,0.0404159403110451,1.7584871625491,2.3245896525321,2.40554922330124,2.29866740949289,2.37239932501454,0.0458839439159182,0.0503120179996053,0.0554038374438948,6.04182049540926,4.9885042108861,2.1870708727757,0.0300200463194016,0.0427654904291945,2.04098822926107,1.92639980274941,2.09383988983018,2.35957193433605,2.49161019119117
"CXCR5",1.18053537095948,0.0259231057835078,0.00809345325762524,0.0156299085970013,0.0156641280661235,0.0197722098091709,0.0110605830466921,0.00624938556563983,1.04170038643147,0.0149356962226072,0.0038861924304372,0.0365481005941686,0.0134156219588309,0.0218346135166482,0.0222832882702544,0.0166952233179185,0.00336327864703136,0.0210020212980943,1.10949363541676,0.0216038721928347,0.0469588790463493,0.0858590421483889,2.03625705903477,0.82400725787361,0.0181310106267853,0.0226151496053771,0.0131955610927528,0.0327454972178069,0.0229269221543278
"CD27",0.143140576153697,2.74444899342721,0.35629106463557,0.179113059891599,0.0880413829448195,0.121277005597096,1.80059302354047,0.280342878897956,0.208188892919611,0.2683296009734,0.0119486764743959,0.855009322289718,3.87174793621723,3.60426292929632,3.17489582537009,5.64883362172258,0.0356949170745737,0.355495131130416,0.158379337798468,0.823061605101708,3.50145988024816,2.17989245819722,0.0327007433638944,0.145803572800227,3.47089826619087,2.75671814242354,5.87405262035857,3.08757441707736,1.75827237609578
"LAG3",0.0146843507748714,0.0569326353518789,0.202696874886866,0.359358829860656,0.80944651318173,0.83354314599809,0.216507794211785,0.0267666577336494,0.00369738121681258,1.66159372106101,0.00882164883536103,0.0296714608605163,0.0357555982307881,0.0687462960711426,0.0365459131316654,0.0341982762460528,0.00943802032680555,0.0236616843829903,0.00678311615460944,1.69676639624313,1.66918075749807,0.28478830194577,0,0.00254129169183567,0.0704267811094331,0.136000908901668,0.069079261941556,0.116627030222483,1.40659988348029
"CD4",0.00457660078278721,0.674347448501627,0.0146976789504843,0.0245106542100011,0.00438240765495796,0.0103413926583108,0.109082750968125,0.644818601428485,0.00618988958053513,0.00135564831214536,0.41981652858632,0.43367340590986,0.00248319533674625,0.0441395075663972,0.886595254100139,0.00932388701841509,1.10726738764989,1.38091883808498,0.00661090432024699,0.0303116922737486,0.0555671711264537,0.983444345014458,0,0.0147124101073039,0.946902485406715,0.65678699224705,0.0020424014801692,0.0376311356189257,0.021637106010802
"CLEC4C",0.0011776652950399,0,0,0,0,0,0,0,0.00217675926657552,0.000798663293219404,0.00189320505985557,0,0.000200996047975505,0,0.000119281012228212,0,0,0.762677439546155,0.000507713307495803,0.000817610460569939,0,0.00070963450458121,0.00689698456937642,0.00213801846796009,0,0,0,0,0
"KLRG1",0.0289032811352973,0.284678776846971,0.522499517408286,0.808312724381326,0.681811924904132,0.878076121874068,1.27615402604177,0.0876792215542813,0.0654011973560127,0.940018125597905,0.0262582796562834,0.177599061022512,0.217659793065751,0.241537985357243,0.231490903341494,0.24148736506549,0.0320497685670045,0.0615185101156456,0.0596501471693593,1.39106488854211,0.839540532131185,0.333547719957788,0.0311492780753398,0.0598774096567734,0.255037205973884,0.296427643111937,0.275874784150295,0.573300896347685,2.3166231473272
"KLRB1",0.0188837798543184,0.165724366547196,5.43855522099465,13.0680850511112,10.0994282213729,9.73998750919319,9.99622732262464,0.133075035011802,0.00377176509862716,1.96103508152574,0.0024566547830086,0.0680502011121176,0.169029306747006,0.130164785380712,0.0423368727409358,0.252341102180172,0.0216874442962375,0.0218303502002953,0.01926281737406,0.99284222862626,0.526031807345568,1.49046394562554,0,0.0249811984157032,0.0714698656562189,0.23063845125199,0.223554448959353,0.330723203646056,12.3545918818687
"CD69",7.46657005897462,2.17474909392311,2.96125315524871,3.78834848169825,2.51609671636527,3.06460102536456,4.01712076950895,0.450273204897368,5.35812534644213,3.66629416975937,0.390494663819288,8.1199964280735,2.31368029497362,1.92182832936052,2.14311263659128,1.75407623930841,0.90217386827041,0.556315721312223,5.60331419665258,2.41815986554246,1.6973519702971,2.61743009209365,23.0370015868437,5.16505190144677,1.77867232359609,2.79141372165273,2.16091306016809,2.44682659259503,5.65601350573604
"KLRF1",0.00222336054370398,0.0119142551177516,2.12402550612866,2.22930430453984,1.74130952322098,1.68508164805309,0.00806139149664205,0.0218135319383287,0.00188813062924872,0.379934301276142,0,0.00312841412419467,0.00191979441416891,0.00385534991190237,0.00215994654995052,0.000490083791586183,0.00650829415124472,0,0.00288188399131015,0.0634273498996898,0.00749691579311774,0.00506453089905968,0.0134095891972349,0.00441179906789881,0.000795000433079841,0.00295394736440201,0.00481593816042794,0.00235645630019328,0.0389486485026383
"KLRD1",0.0109662754947582,0.144686947694454,8.96027273481477,8.963891312917,8.79751041887411,8.73374758718082,0.56642486210177,0.1598036285219,0.0151567804664432,6.88230389131432,0.0675749625563986,0.0209504058950015,0.0388483598893324,0.133863889400077,0.0118918748485448,0.0101776804419723,0.0646552545571186,0.0146027184921839,0.0265123853442833,5.74116249177691,1.81506547739914,0.0418901552493509,0.0137399629570599,0.0275299204681833,0.00347549941814103,0.0171121014772671,0.0603854344418134,1.00781929703094,2.82484934077266
"KLRC2",0.00283101430724935,0.0716158533985974,6.70835535149145,4.85943834872987,8.45956913265699,7.01465691354656,0.345705632646005,0.0810816604709593,0.00563220740292063,3.89409024055005,0.00492983799427133,0.0272766765641564,0.313965232131921,0.386705525986236,0.0123857347684615,0.285495375382115,0.0114388509736891,0.00761544393213623,0.00816958212526719,2.6581716564687,0.800208660214001,0.0127089851985455,0.0102657599947439,0.00938096156995873,0.0084464725411644,0.0198917813820098,0.382943611586298,1.31518659643552,0.347393320952744
"KLRC1",0.00912056513609515,0.037785695649939,7.2254576189389,4.68797356425324,1.82204796845556,3.0424834281899,0.18760881431709,0.0222983939368183,0.00313634554651807,1.18576595021827,0.00354515391640243,0.00713214376972393,0.0103641607516267,0.013670028647655,0.00228066947101071,0.0046630297517672,0.00562992659159674,0.00366935850806819,0.00317391524147512,0.709355576459225,0.156265740117434,0.00412340562831499,0,0.0141392362507497,0.000489437582657725,0.00255967830187025,0.00163681042608958,0.056576840918955,0.835664104012914
"IFNG",0.0138686838903698,0.0276117476153743,1.94486162473812,0.586544491455209,0.377834642392689,0.521735621641885,0.0273113762315514,0.00346243630017678,0.00465611547210081,0.889972252482709,0,0.00119563084065537,0.00638199641349181,0.0352725130060853,0.00477823274099132,0.00369087421348995,0.00638938478529297,0.00335473793777525,0.00564545320256171,0.57121816610075,0.385073566997897,0.0293905845195011,0,0.00156157103411348,0.00691020221702706,0.0107995901360962,0.00262176045446644,0.0673564224891374,0.494194957506923
"LYZ",0.00615473471631448,0.10254076961009,0.0526669766522946,0.0231917490131416,0.0190576272037433,0.0745773061299956,0.0101482044526778,34.5916519583091,0.0151232000673642,0.0143603379218701,17.6834424140305,0.00564755143132615,0.00785703262408058,0.0174310796947209,0.0136101238216608,0.0129510395768254,8.91533726973998,3.77443196272059,0.0176361305095252,0.00964022207229482,0.00318744044901749,0.0088092364075181,0,0.024892715270851,0.0118148547487178,0.0160820931863194,0.0246390115844863,0.0164082519229339,0.0135575024512216
"OAS1",1.13767215201617,0.256384147216312,0.449291038292532,0.879404455036477,0.939603164039279,0.864040619120564,0.418012278320562,0.772375415860406,1.20707197842259,0.947339237582116,0.534070060290095,0.473435139439343,0.203683754999519,0.188046526241908,0.208610618916257,0.0996120315712095,2.43496430102363,0.873857530872342,1.28909451777421,1.18872171739429,0.95700261913924,0.484859017598047,0.195355528817727,1.47754664909864,0.219324364272541,0.634839789476807,0.133719728634358,0.406865184293134,0.519067739891924
"TRAV1-2",0,0.0521945937961408,0.00840170453781663,0.0166067791585199,0.00194537692845215,0.0158234204822414,0.275394277499159,0.00617874305453509,0.000741064793987637,0.00125547814936964,0.00927974343365355,0.0494953617602584,0.327380890127305,0.375811839716759,0.0781769283235764,0.388964350104197,0,0,0.00626407624850414,0.199040377647944,0.446436745111053,0.093381125230677,0,0,0.0570357175163077,0.106877567947972,0.313530461163797,0.0664644050009994,0.249696963105101
"TRDV1",0.0724431275294626,0.662548182193718,0.116575228860656,0.144178860527023,0.558988457812598,0.703685429601699,0.45063601289003,0.0389447120155853,0.00256926144090057,2.7935754923161,0.0117379810263331,0.0714834168735666,0.161019475003098,0.24959818092771,0.129786281128457,0.181932438550098,0.00261354092602156,0,0.0369685384348775,0.495963514828023,0.504419773093604,0.310995817593653,0,0.00215543933287567,0.0952709557870656,0.19019217385514,0.671409986527655,3.79253014874789,0.135565138242502
"TRDV2",0.00346027474721797,0.114365067601662,0.0241264688980383,0.0295560575974631,0.094092147666664,0.110898148179437,0.808105831568433,0.00838914480942946,0.00423261578232572,0.757306827185427,0,0.0113084914543725,0.0130393513093887,0.0194890179299025,0.0118505673945459,0.0230582578979025,0.000296010091812858,0.00264694586122222,0.00061243842850259,0.115585034485495,0.132065216562503,0.197481388966061,0,0.00541368858368968,0.0170339874876119,0.0213475563889866,0.0396291350066827,0.441937381902578,5.64221600293575
"TRDC",0.0226619779385821,0.407254226502841,3.18925014210555,1.60094683645552,1.40033151874252,1.68531175460945,0.769727054447184,0.035859665961894,0.00504169000021447,1.35937436550586,0,0.052637331633228,0.054524651191639,0.100390529164336,0.0569424259386269,0.0595800070277528,0.00994533999179539,0.00217582067060099,0.0153816719274179,0.162036964951758,0.258383153714588,0.206694512943629,0,0.00358940200588855,0.0481675196632386,0.0671743899027771,0.204245571815416,2.36813093761263,1.07825363999263
"TRAC",0.222817573360008,1.21354315060854,0.330008650931411,0.292203594102501,0.304283083418794,0.483606354416512,1.18365959088625,0.110960892255115,0.165294635003315,0.573123140813556,0.0227977480308811,0.514267452288167,1.44007948243959,1.56010715196731,1.0239228803574,1.7316667181134,0.0208796484160021,0.0309656658916707,0.183793563500402,1.82808096912038,1.98790034977526,1.26191800224391,0.0111521385898567,0.336411645454242,0.994610242616251,1.66826764468735,1.91078932714511,1.20267939474772,1.46614825054246
"GZMH",0.00954991563504225,0.0486844574985777,3.13662796449896,5.31540335146124,9.50503183107309,8.23076778610026,0.83554781759229,0.11462586003946,0.00475981317710282,8.82135070568781,0.033167241998863,0.026086572496162,0.0107722794814885,0.13872926178481,0.0110877646100346,0.00099433957714777,0.0246639564180068,0.0373110011672615,0.0251591822112045,11.2527561717101,6.38154511993595,0.0977988797629175,0,0.015756027137708,0.00512394921659349,0.00182927331485405,0.0104298671493734,0.114152388964483,1.72076365665797
"GZMB",0.0761659817003233,0.176351061745346,21.6013202383886,21.6703336140722,25.383232361622,23.1264763378924,1.90898886997017,0.34296520586583,0.0172335722962626,20.4845838746148,0.245786764379001,0.0310065590104086,0.0115831819546812,0.210208434504152,0.0203016660408094,0.00650443996142864,0.11185140763883,15.9467653556725,0.0322987975369815,19.9000816137833,9.22053265973699,0.133758400835812,0.0668852590490162,0.0304003514489921,0.00475860677170444,0.0118872431125185,0.016893408628616,0.303976832567522,6.76817391497504
"BATF",0.287893142739684,0.610116242463806,0.451729423637581,0.532601602022897,0.678098466625035,0.619721265646344,0.601364842249171,0.313224691558857,0.107407986565804,0.634385175544374,0.164092512454398,3.00948004515878,0.433595092438861,0.392350335365972,0.858093591941125,0.239005015414981,0.230172719616975,0.109176873184668,0.085747089499159,0.904534524811567,0.890007836380346,1.07089545554342,0.0543272718169991,0.0986695808793991,0.748530179732481,1.96697662165638,0.310587261222446,0.23745923617564,0.34325140715868
"IFI27",0.0291564946551732,0.0408027248601993,0.133819021537632,0.126669214865198,0.179394011666396,0.151428073112313,0.108186289735414,2.52514356988249,0.0473853699196475,0.38809956569133,2.75694342434324,0.0492712266241619,0.0280951834732255,0.0297220052321123,0.0292401356420308,0.0127610986712564,3.62672888301923,0.478146155147585,0.032595857734987,0.427013696028593,1.01085188497275,0.380154752501287,0.00503833924246554,0.0628534825113856,0.0405844228703504,0.109061245284604,0.0519453897121977,0.0564895206952771,0.140698915019001
"TCL1A",1.80612752896857,0.0354908104983375,0.042931381990664,0.0135112461467968,0.0039335745421384,0.0382579157503077,0.00172109930054524,0.0118359808281607,5.58669007791422,0.0010876464679116,0.0277274347973967,0.000780320321491973,0.0037776118481384,0.00100246682720419,0.00299194608516944,0.000795309054004177,0.000781740572746139,2.31889382159359,5.32025487331076,0.00186298763743846,0,0.0125122531183449,0.506743160622463,8.03300528828755,0.000263297802874622,0.000908649470657164,0,0,0.00158359145874111
"HSP90AA1",7.22098179939247,3.46587927788176,4.3608978194369,4.85022357361052,4.95340698579272,5.69824598263932,4.18704331002678,6.3545589465266,3.31040752119465,8.24201488657629,3.41279752423578,12.2419728162686,2.9263074375279,3.07387104689056,2.87759711226714,2.26343821509991,4.96587639250356,6.74002396582347,3.50300686092993,6.74174252227608,5.29504959309406,4.08431285987341,22.806457218542,4.30425611421873,2.83050790826132,3.44133517654139,2.34041401107079,3.95379113391688,6.12769515854154
"IGHA1",0.4464945023698,0.00586068152086035,0.0220360290617798,0.00521193004895836,0.00249855584146737,0.00245866560012727,0.00163362710304985,0.00262591606339939,0.827565563831945,0.00185820035664976,0.00189320505985557,0,0.00106144638610173,0.000575201398413555,0.000706536154351955,0.000657672487856626,0.000989935122429536,7.09087928932613,0.518131375074292,0.00196986598525381,0,0.00202508777869131,0.578351531775555,0.371894780044334,0.000679072146474575,0,0,0.000417336665905723,0.00114170812779733
"IGHD",0.8031721170603,0.0138772263283162,0.00452982030171829,0.00344110852034404,0.00154153987501195,0.010630316754248,0.00341346998885797,0.00168160400782953,2.5557692270118,0.00197591227567238,0.00512001967027236,0.000861009181974118,0.00213798185005806,0.00230471084521197,0.00115027413193181,0.00324890058172886,0.000926880159492202,0.0667570186743581,2.5633474985693,0.00122826651442162,0,0.00193391028981218,0.893584785974777,2.40551200733589,0.000270491107983513,0.00171163473440906,0,0.00356989572660459,0
"IGHM",3.33370397862123,0.0430639664661494,0.0668662147143948,0.0224663427411232,0.00072301012250322,0.050440988567825,0.00134869769750329,0.0210538680694115,8.93801067005151,0.0114177626775004,0.0294717344512072,0.00483575730272598,0.0124706210412402,0.0110438272150208,0.0065738619739853,0.0107681726064572,0.00610941536745769,3.75856177511081,9.09229953998142,0.00654020043537147,0.00511472001324368,0.0250433242019159,2.13758457185715,10.3788855208855,0.00310346030081851,0.0103394130888299,0.00685947763476487,0.0269191882036162,0.00209592987186323
"HBA2",0.0622649665769532,0.0732133440384706,0.014025917305781,0.0580928984133246,0.0103075246062436,0.00184500488434293,0.0447557135931126,0.044188483448748,0.0345446481679709,0.0786971118681673,0.0322519262462951,0.0360875815896422,0.0116713217917498,0.0236386822195409,0.0187184483203453,0.00867462586494457,0.00728165104033719,0.112226910758236,0.0136640171269773,0.0527664524660262,0.0297898102855413,0.0286616948489594,0,0.0353159842208579,0.0209701963553201,0.0323363062331117,0.320872699026834,0.00836881623110459,0.0306119286108346
"HBA1",0.0512956724880367,0.0766501828009889,0.0251223566491965,0.043104629622333,0.0233750362787138,0.0185639991449566,0.0483202712631552,0.0555790852240634,0.0388964099166254,0.101558351829775,0.00604723617118032,0.041251074960348,0.0156285993149547,0.0268090701504466,0.0179863721410204,0.0137379609607905,0.020658439720301,0.237734522640743,0.0121550619220116,0.0479656054800652,0.0276650084161729,0.0171878394060923,0,0.0272111873926872,0.018554266519982,0.0477992627086049,0.193362768569942,0.0108300389975621,0.0418544581015064
"CD19",1.46755197064331,0.0119086344207518,0.0185733191148866,0.00844899315458866,0.00811217487775071,0.0265898223183975,0,0.00611580803390818,2.49872930857878,0.00375480071211206,0.00232602279874506,0.00302267995657432,0.00202093603430171,0.000313270017703515,0.00196192788501712,0.000860062117962688,0.00578612654498152,0.0513688923818353,2.46219608406317,0.000592010059989576,0,0.00803460881977125,0.910900909552223,2.7966870816667,0.00117958012726167,0,0,0,0.0033373613565768
"MAF",0.00345946508735886,0.0595086443157312,0.106219221794653,0.317902426969157,0.302092585765563,0.252365233121091,0.455871276774467,0.199608142003362,0.00219595208414458,0.236489643958198,0.0513859092883748,0.0449146365612263,0.0199741441563108,0.0146964079130173,0.0560175932978386,0.02313973534654,0.150357219633224,0.00404860430439512,0.000842006540910106,0.19903160553497,0.207538709715725,0.767267948208615,0.0158953703144422,0.00135894379769781,0.0931256229301283,0.301053632007014,0.0270889423013894,0.0372884461531252,0.597126059317105
"IRF8",2.44379862559052,0.0308019240091216,0.316547043164143,0.22571325851924,0.133716717368875,0.116428459502619,0.00673422781733096,0.721792539843408,2.02609976508945,0.0803666110087249,0.573236555665636,0.0682288428423359,0.0259893076179671,0.0273160759811791,0.0178159701020662,0.0175659874492565,0.685644265009936,6.28681880716084,2.42617791971497,0.0214991978042956,0.0159952229061804,0.0176809275123789,3.42151080406845,2.03241171601756,0.0219573098456818,0.0340100466933034,0.0328901603921876,0.0358097757763032,0.0544380284370116
"ITGAE",0.389779061410408,0.613934718992513,0.921614635210481,1.45763947894701,1.23772882729373,1.29535578299408,1.20915831349561,0.458596025220302,0.797102780174726,0.808067753963981,0.430782906637902,0.509299745052692,0.780883816831639,0.720716908114991,0.617357422853268,0.787205794896592,0.242148565531632,1.36934358352828,0.830860937806288,0.809109755977183,1.50249605173651,0.569057147552347,0.453014929968225,0.780358162928911,0.613292364072362,0.678730932957017,1.11749410035903,1.04161198150731,1.60756176012393
"CLEC10A",0,0,0,0,0,0,0,0.293661527600889,0,0,0.0495526098310902,0,0,0,0.000159661930509812,0,0.0300513436540162,0.00273125763215805,0,0,0,0.000434659770064982,0,0,0,0,0,0,0
"CD68",0.0954958993134917,0.0588088055772758,0.182969699514738,0.21831997604822,0.136495153093824,0.140237076959078,0.0894297314300601,11.2339309188754,0.119459308028964,0.0942281199990522,8.0251926461946,0.00337810554366713,0.041402300523021,0.0359796765753054,0.019553346026132,0.042878938967598,7.64177666543644,2.62291578156205,0.0646867235859195,0.0549672110639111,0.0633263014062123,0.0306813741964496,0.0232650652476477,0.096847713126675,0.0240462642280324,0.0479245136047103,0.0962226015779674,0.0432784790433513,0.0976601021048431
"CCL5",0.0978305805991589,0.605687552207642,30.5678544844564,48.8684948915535,62.6949303301356,61.6790864949796,9.88509563608543,1.02401529328661,0.0649033483225944,38.1457899543919,0.405743649593928,0.2725736691873,1.07502520232886,1.74899857780573,0.0955801874231466,0.853144390075881,0.295057996269585,0.414917483662272,0.229380666770849,50.8991435254683,54.522509916652,0.946650948745804,0.00920333197430798,0.154296249427617,0.0620597018059101,0.213662766753857,2.54777637125837,6.24217942660583,25.1722470573572
"CCL3",1.08179278849772,0.108230849030884,0.482411630139425,2.08292446095887,1.39907328316654,1.37887910311388,0.0570426977580228,17.3475759206389,0.0619365861809713,1.02670882371973,12.7324392607929,0.0514407406430698,0.0453923226512625,0.0672051915805126,0.0410655665737721,0.0377506857822169,12.9796410783018,0.0747048403417898,0.145066461255852,0.465909893677454,0.278093602463358,0.0338501382168393,0.0746069638705035,0.150848500062756,0.0576887849261494,0.0647419939296699,0.0184516102997475,0.0528812718188425,0.892122619738618
"CCL4",8.02079820627645,0.987506072946644,2.45215630691591,11.8677120296221,9.66281185478154,10.4134844900572,0.553653790357896,24.9991120841641,0.101116144370685,10.8399300846114,19.9345327289306,0.0712316322285279,0.0744763044414719,0.210366943649273,0.059012445806511,0.0438074688778551,27.8902164381371,0.271968344724549,0.24276026558153,7.77201814841271,3.77137493611652,0.111913791493817,0.966835916747105,0.650120546855927,0.0819274331353382,0.0917565629692505,0.051171310416306,0.203570925564392,10.4688559780331
"CCL4L2",6.92057827747339,0.934703586595875,0.679392030754224,3.36065957033758,2.7013824945183,3.00852540204442,0.15476100275646,12.6482428448596,0.0902029595469214,4.23435681107057,10.9729251526805,0.0467061193756216,0.0314345358216522,0.110915998415698,0.0249194099374762,0.0176418884917603,13.6790477868478,0.0283056137556847,0.237515876921919,2.28350518828852,0.852340835813527,0.0506982477922238,0.462858460732883,0.677744088902399,0.0201328437506175,0.131988359979625,0.0083850205045747,0.114411883318785,5.36772686601975
"CCR7",12.0057090339192,9.35422504294591,1.13805011405761,0.430726085497656,0.0512961584431278,0.177962481857234,2.92585495123157,1.1525361731739,7.77389229888992,0.190068871213264,0.186258684408232,7.78927364940642,9.55737283461184,9.4644352483681,10.3208549044965,8.35986017514638,0.188388577293654,13.307484980275,10.5501230792196,0.312252708863381,2.05379330476765,4.99525198915672,8.22569021694052,5.38739273816545,10.6108143221688,4.9323057317612,7.31045651336494,3.94593199048588,1.19818643352756
"SLC4A1",0,0,0,0,0,0,0,0,0.000172562107259429,0.00157699765981432,0,0,0,0,0,0.000246991294075566,0,0,0,0,0,0,0,0,0,0.00153190780120984,0,0,0
"TBX21",0.179258654815696,0.0304225575645652,0.94811767461325,1.70277370755125,2.18160581635862,2.15054469876475,0.152147774884381,0.0272901952733946,0.0543505639413702,1.93164371968325,0.012278357793548,0.0181637656834393,0.00812160794188888,0.0449999764727761,0.00498877673125891,0.00396948839770592,0.0118450487089558,0.0137815267244717,0.0446876949489102,1.78476108639058,0.838861924059155,0.107748625765821,0.118541766935842,0.0713881967989458,0.00708143886433844,0.0432428970966884,0.0167522725948598,0.23111943978132,0.7941644864689
"CD79B",1.66765562221273,0.146269295643398,0.162936465583569,0.195820843525616,0.187612053171039,0.204941101308902,0.118972016565485,0.0296806155551189,6.22178244213968,0.0566305931061983,0.0199401464132358,0.0219744852518889,0.0507797900231111,0.0642110840958636,0.0777302567361964,0.0612577728735941,0.167948574133049,0.163934830638626,5.43776536951016,0.0258730532155019,0.0441185410657103,0.153749107166396,1.27758815723599,6.86439552351784,0.107088887628521,0.247836202392444,0.104110891658141,0.0902013255964932,0.0634923453207217
"TCF4",1.85415657141502,0.101794684893219,0.233533234412862,0.128059006758426,0.050518643642288,0.0936884667549796,0.0508557659381176,0.309262077265229,3.71443632790951,0.0180174842121915,0.393384494871435,0.0963061604219452,0.066642760028184,0.0722212188785773,0.101509140764192,0.050431470930286,0.334072278587811,11.4121254943137,3.82831089800433,0.0304527639893811,0.0199877421113698,0.0331895497580658,5.12127440849789,3.651620034284,0.0909029124480758,0.11889095625587,0.0536662596829111,0.0441427465203756,0.027344503942783
"BCL2",4.24733066574018,0.736264334334814,0.276368946967251,0.226782266836212,0.19967414358499,0.206968268195808,0.444727492540406,0.36379873113662,2.48344274303736,0.322423901700263,0.413477531583918,0.995440507968391,0.576782378012872,0.517171136961384,0.41006341934851,0.280657238006366,0.366656297395834,0.461321945123586,3.34284952335222,0.191487260030255,0.279662704409608,0.507130885107935,2.41806604258454,1.78351593728139,0.243224065646243,3.71464551642376,0.469307803445243,0.605614105975207,0.156497141140269
"GZMM",0.0239299169741808,1.94471585975737,2.90139662167818,4.75104016084333,4.40045559363229,4.19764882560665,1.47371515650094,0.21211025728972,0.0222093669793899,4.13161351328023,0.0223817993820426,0.884084745182964,2.07574197918681,2.36685848655983,1.86738152006963,2.62726792601536,0.0579545010794213,0.0251758953894201,0.0572008781736342,4.64200260051873,5.15037113054139,1.06861369095223,0.00503833924246554,0.0465592807959882,2.12054947507402,1.02066255602574,2.35707858572707,2.3162940203746,4.87599766834102
"DNAJB1",0.320882335014018,1.73345558840813,0.686439010207766,1.4095119728415,1.29953838708532,1.65276836962162,1.45641970769913,1.63683407260367,0.45829114922526,3.28733639713446,0.941235439012703,10.6039291859292,1.7657730673756,1.89109089889734,1.59322417479766,1.65247728111736,1.24995078632081,0.744364415732248,0.502254506585727,2.42774999108538,1.84815449987339,1.81304470754336,15.0965251118336,0.666242981250632,1.39524517632701,1.86233477049276,1.64522643347574,1.73931409541054,2.67618329443825
"KLF2",0.598946441590926,6.97592459785082,2.3640996221222,2.56822368575305,4.76009725040259,5.03631374987966,5.04414882889118,1.45781245969087,7.08103259179402,5.61511848341238,0.926682008099594,7.40446051590261,5.28496036888999,5.60761219926282,6.62895693686032,4.70216279398222,1.57871300037333,0.568729611272448,7.40298066997158,6.14248035006052,3.9628136573497,7.91344692019915,6.23571975880601,5.35485473014439,6.333380281198,9.92939241335215,3.65164126456256,5.45647578888409,2.47436717822328
"TYROBP",0.0335511948583088,0.142228531919369,12.3356889176062,11.8596989653982,11.5864524682141,11.2408343323374,0.254533544557016,32.5402083782196,0.0382631630064781,3.04096193422659,25.392466500537,0.0097281733076148,0.0208869031613099,0.0538833547761958,0.0256241675354119,0.0181521790663894,35.1207677019673,8.5938364462245,0.0457249572655856,1.34209000891175,0.164602412959947,0.023035516694425,0.135804271789517,0.0630590128864366,0.0224152436944599,0.0260724446864524,0.0130576563323049,0.0970961481065859,1.32626928596081
"CD79A",11.508604175727,0.208512096592994,0.0937385463062704,0.0622750086895691,0.00666898561108452,0.0956225154489468,0.0923882727424258,0.0268510038880086,28.5122245748106,0.0216211226648569,0.0143537786844488,0.0323088581458844,0.208552045096501,0.198028517904972,0.0430250957703646,0.198307543353729,0.0115779564790881,0.883694414402433,26.1978657630823,0.0201131499223897,0.0723974573772626,0.286802231234239,14.3400541426274,27.1144413418023,0.0332593276100678,0.0946513215624895,0.183554996906656,0.23880554756453,0.0374730867443624
"NKG7",0.0597530693591589,0.583598651990253,38.7025936752746,52.9363359746693,63.7881516944929,56.8540340648247,4.17453620885522,0.960688551162593,0.0912834916775395,46.5274946802841,0.576649977663295,0.0455459880946986,0.251183322539072,1.01493780172777,0.0686283552983133,0.249306170399851,0.447225365877004,2.37747204620751,0.0996613450938377,52.4081325682668,36.37594721684,0.623603507039821,0.0510985848738436,0.100235126015925,0.0268787618354518,0.102482567825686,0.429467003661583,2.93259638109019,24.5081708230059
"LILRA4",0.268200548449267,0,0,0,0,0,0,0.0210983601871564,0.018419291524232,0,0.0410806102411119,0.000569774921812636,0,0.00041136391160349,3.95166225566319e-05,0,0.0291129385160328,3.27417916002437,0.0219481442183839,0.000352453960701383,0,0.000656114163864513,0.0227783192367419,0.0400948891257198,0,0,0,0,0.00206306245529601
"KIR2DL3",0.00108227919339896,0.00920813512047237,0.307652026185547,0.65449184523719,2.41583820619845,1.04277672345196,0.0260268758382727,0.0227251299162773,0,1.28274187379207,0.00824557555980057,0,0.00146856992036806,0.00791307330070758,0.000992638544142911,0.000516223004827769,0.005467490094422,0,0,0.369760624590341,0.0279218642210634,0.000165186049047042,0,0,0,0.00236946450869721,0.00385605054819543,0.0623802693294687,0.0636632910908983
"KIR3DL1",0.00254913859684149,0.0139897630127571,0.216287110997907,0.513623953550104,1.38806966885876,0.822166837676019,0.00757011615814283,0.020258734188611,0.000650564902723819,0.877595678671786,0.0056872065770412,0,0,0.00484720526094533,0.000801912979765343,0,0.00466058043961243,0.00794083758366665,0.00464204523471675,0.360799483434412,0.0552325396322883,0.00235020848307752,0,0.000613884093772023,0,0,0,0.0317433871280837,0.0402373771370686
"NCR1",0.00136062696602093,0.0147309035656224,1.1106288910331,1.28685978273713,1.26663017985255,1.25178690603547,0.0343504620361786,0.0588672554570928,0.000567367941004236,0.922561945950307,0.0327590442541562,0.0043523511083415,0.00175580448149586,0.0143889282223186,0.000875430334128091,0,0.00578534983957163,0.0035497857738228,0.00164517349613273,0.502193053540598,0.162507691142493,0.00143346499743394,0,0.00878041199339624,0,0.00383758025835456,0,0.0526539381346537,0.139699943647727
"TOX2",0.0548254062968481,0.142689908164313,0.061293825804416,0.0231960798626552,0.00970641364961373,0.0138429421363883,0.0298741007993095,0.0202412027074532,0.117176212306823,0.026714465742091,0.00358352462327586,0.196609980017877,0.0296092021261003,0.0355879903463361,0.138638401327004,0.0293682157642145,0.00413056572168851,0.174029950894914,0.0463627453673777,0.0226220394924885,0.0893745377166868,0.219164089962369,0.242857588005844,0.0747169288684565,0.100678283530133,0.134711725831793,0.024140080726207,0.216397182574263,0.0383103203971238
"TUBB1",0.00601512631931842,0.00683624721286085,0.00171509994573424,0.00540800232990286,0.00475911981534807,0.0146643105772147,0.0108731045548117,0.0143068663495943,0.0128614911351789,0.0153011793168931,0.1578702590318,0.00918108036235443,0.00371353620944733,0.00606783357394022,0.00397190319669424,0.000992210004800609,0.0235548441269023,0.048847000241062,0.00907174853705884,0.0157066353140774,0.00399144827143241,0.01212927465971,0.0376154230211265,0.00506150335022884,0.000751559174244979,0.00882935904174913,0,0.0120314537258357,0.0458622295735987
"MX1",1.98095194409259,0.718408848909545,0.821714740670428,1.37963238159968,1.20130098418536,1.1680141434452,1.08179358270821,1.31425234431046,0.929065287514897,1.48708903181599,0.559111559945843,1.89033153757483,0.807415308549383,0.70402208620018,0.715013644874941,0.376632279455233,1.64891333976992,2.57889158911387,0.957166534442798,1.5460833776127,1.1846581276386,1.3927254641736,0.830822092119634,1.23716494352179,0.638607223220746,1.39660074507073,0.517226990279063,1.42355002324388,1.07597696704029
"IGLC2",0.637021597715135,0.00399083853095806,0.00460897314993807,0.00102119624824792,0,0.00764120296755607,0,0.00492336540529308,0.889983438175132,0.0016986934718668,0.00899253705867026,0,0.000611957793416136,0,0.00133098663247504,0,0.000319626788419755,3.34682891993212,0.856195799353732,0.000926022371912146,0,0.00342496155247964,0.422122037504664,1.14142370757649,0.000504009689124998,0,0.00390019770671854,0,0
"XBP1",1.98552875373928,1.52137873397212,2.84328487166467,2.2293875988403,2.16281048392948,1.82151916302721,2.79821310654544,1.1644092904616,0.469911063194177,1.53199684199121,0.884429720461601,1.14280678158462,1.20698136182755,1.2437505827861,1.71149608985031,1.48789869781721,0.923041953975521,3.31805040791294,0.529444405359059,1.36945867866131,0.675966195885792,1.82058933306761,0.852179561558761,0.518048545970309,1.4862668693026,1.88728350840101,2.66790059010639,1.58863976842234,2.18616435523867
"IL3RA",0.103259945603925,0.0324751857099765,0.019879240692865,0.00953881932594955,0.0115390584547817,0.0273667930904514,0.0199260624497791,2.41072988213975,0.501487481722628,0.00557118647581128,1.80793819373843,0.0234609524193742,0.0169333596382701,0.0225156077610228,0.0168416175235835,0.00951729774960046,2.38681640997296,5.0858770479642,0.522265229060054,0.00548817353984122,0.00795145064718424,0.0268689917898637,0.257231643123094,0.328013662798123,0.0131601020172792,0.011782629412529,0.00765858668109392,0.0241924185005721,0.0123019945855195
"FOXP3",0.00183098949147535,0.239208373547234,0,0.0022877047736841,0.0113196938216379,0.000704506559378772,0.00417184323807672,0.0117228616669454,0.00184805233197021,0,0,0.0292520034670573,0.00452699877151306,0.0235109168655573,0.0536549816310487,0.00293472989480816,0.00107907843925934,0,0.00572130921587561,0.00825446320624107,0.0219547379555984,0.247241913592668,0,0.00184829242832108,0.0533622404442801,4.0689472900874,0.0135597638779576,0.0324216418887233,0.0128855685361478
"ALAS2",0.0141348507074974,0.00146278064360886,0.00268220745516553,0.00845490645280701,0.00104640951780612,0.00458881677370124,0.00925285080333251,0.0058846067453895,0.00509934998439545,0.0229670623897127,0,0.00451262597775923,0.0015214830797448,0.00176608546922821,0.00101951332335746,0.00400288177911771,0,0.012110928841632,0.00408071920708713,0.00432358875799045,0,0,0,0.00466023932623353,0.00320482559541267,0.00537303156106097,0.0154330074517258,0.000852726319534289,0.00584603076138107
"MARCO",0,0,0.000836971649091936,0.000189131004313624,0,0.00080994902504816,0,0.125468577280544,0,0,0.146208913489099,0,0,0,0,0,0.0786139398787614,0,0,0,0,0,0,0,0,0,0,0,0
"SLC4A10",0.00674444504705199,0.00728361812717223,0.0789021317564571,0.0295085728077361,0.0038296761659857,0.0149412174241548,0.0295374107806866,0.00990217503369915,0.00489439412183784,0.00945943287009787,0.00161147265395365,0.00589771902743562,0.00462210513129885,0.00714607501496771,0.00726716849180078,0.00505850195688164,0.00477961087620334,0,0.00736242059335553,0.012032547177318,0.0157129530131807,0.0110224214928733,0.0323627737486124,0.00593172712023432,0.00830297430741663,0.0116892315152742,0.00828390174913146,0.0105988958824894,0.57211747327696
"CSF2",0.0609513600857934,0.00167624697688858,0.182458103623176,0.0132401931930727,0,0.0133476213381517,0.562521972004482,0.19321888052294,0.000272447642374327,0,0.00179992857883399,0,0.00206745281075366,0.00235018009023649,0.000933274178374798,0.00228011803157457,0,0,0.000422810562179917,0,0,0,0,0.00276402317190358,0.00112068125020753,0,0.00335502581189108,0.00182073349341222,0
"RORC",0.000323480568101749,0.00245485702053512,0.00293055235636923,0,0,0,0.17057017258358,0.000411054944563486,0,0.00475689020421468,0,0.00271836977418796,0.000466181603578612,0.000710880231459209,0.000701234900809033,0.000315261602974733,0,0,0,0.00110460698622263,0.00210864270513928,0.0273553552064067,0,0,0,0.00259164533438276,0,0.00288222983119002,0.257590697419871
"GYPA",0.000343403432962911,0,0,0,0,0,0,0,0,0,0,0,0,0,0,0,0,0.00908319663122403,0,0,0,0,0,0,0,0,0,0,0
"B3GAT1",0,0,0.00192881440407736,0.0154241513777187,0.0528733567348246,0.0535566736373479,0.00231321270083313,0.000165908343869066,0.000503719845126296,0.104129497798825,0,0.00264472671906575,0,0.00139053530349312,0.000113487210005371,0,0.000977370644262204,0,0,0.10620291032735,0.0158515984405298,0.00169779907424438,0,0,0,0,0.00371500419609724,0,0.00705858113394512
"IGHG1",0.202293676970713,0,0.00165778755651398,0.00270517776044741,0.00437593825586128,0.00307620287260042,0,0.00199623808472472,0.172218829757319,0.00072556940691739,0.00164414841004272,0,0.0011111240834503,0.000271381850329219,0.000244142824650938,0.000583222428728324,0.00366075526659191,7.850376625512,0.0593052787351904,0.0013657367332185,0.00292706286218744,0,0.147461162883976,0.0720574336422866,0.146977995427054,0,0,0.00159378227135545,0
"GP9",0.00232781682991516,0,0,0.00311088776534235,0.00254111686969677,0.0057620058907337,0,0.00682290545411285,0.00551338734458507,0.00428429664159648,0.0814606614535763,0.00626536981166181,0.000744945465196104,0.000848373961496231,0.00110595838319012,0.000491696572471699,0.0153998905126834,0.0377022639236239,0.00332777833778753,0.00820591078622519,0,0.00677339854380271,0,0.00307289051426474,0,0.001334853999009,0,0.00146445356101176,0.0321442961311336
"TREML1",0.00215689697501179,0.00277059117212076,0,0.00154494388508309,0.000863234257347915,0.0023206018554808,0,0.00322680231322915,0.00158771894729104,0.00204396360193442,0.0473069061484919,0,0.000252508112580641,0.00166045753569059,0.000926035093776503,0,0.00569100744558092,0.0131662027117543,0.000821373923661343,0.00543266136824891,0.00451238963302639,0.00127550389099385,0,0,0,0.00141440475058952,0,0,0.00640757211074801
"ITGA2B",0,0.00130494793192504,0.00125565484157905,0.00142915073654524,0.000863234257347915,0.00231162850151944,0.00196195071265898,0.00669114892633164,0.00275985885381877,0.0045613256475118,0.0474573251428725,0.00407743468546583,0.00144273776332466,0.00107991349010847,0.00104610166754708,0,0.00448912104202089,0.00974815626239511,0.0058616851109918,0.00652142358856462,0.00532987068942368,0.00170743904306441,0,0.00207299349505516,0.000328348391828381,0,0,0.00528594348539687,0.00607884573281658
"FCER1A",0,0,0,0,0,0,0,0.00633001274951332,0,0,0.00607253333539676,0,0,0,0,0,0,0.0225222790195687,0,0,0,0,0,0,0,0,0,0,0
