"","g0","g1","g2","g3","g4","g5","g6","g7","g8","g9","g10","g11","g12","g13","g14","g15","g16","g17","g18","g19","g20","g21","g22","g23","g24","g25","g26","g27","g28","g29","g30","g31","g32","g33","g34","g35"
"CD86",210.733192004307,0.757607755784368,0.129491172026318,2287.26042280866,31921705000.9423,0.347532268947255,0.0919183743433103,15.468853546495,97.7842996050001,228.903483631841,76.1990969049576,8472.04725563461,3.06692162879824,171669.402254135,488806771265.044,0.150302740884522,0.297423972178391,0.6914063527702,0.386593645290698,76394402347101.7,33221.4968148306,1.37299424006592,10035943.1385891,0.109131959212256,30765021294.1105,41.0914171720407,21.0963061902457,13265.9469538927,6.75792849944802,0.234964133664271,10.7678685477808,29.7611925083412,32327.772581046,686291818920283,0.990815144602735,25.7632595305476
"CD274",0.00131042389717687,0.367473772023112,0.000277213962416747,1.84983080859424,0.2265241447193,0.00408432071988779,0.00327061468148549,0.00126687887827595,0.0011159129791213,0.373439238670836,0.0199536557210854,0.11750095087175,4.55197436787226e-05,0.098325683656064,74.6838193915438,0.00197418483795027,0.0409855108118993,0.000165451593202007,4.82367556913191e-05,531.186397632939,0.00734398184072002,0.0036899570319962,1.23799332408641,12401.6457774574,65.0426422810953,6.98044326992992e-05,0.0083768677941069,0.000156855498778018,0.124640506389327,0.000342268905465374,0.00278486857433876,0,0.00330306081359836,28.3536588625735,0,0
"TNFRSF14",0.135913528895328,0.0859826207832105,0.0140860145674915,0.0357817592227164,0.0496073498676044,0.0263560448652861,0.0149493926788813,0.231637135195859,0.00143174200709608,0.00476168782326996,0.0870356127592369,0.0127911904996127,0.12126700141546,0.0272055460080206,0.126399443102806,0.00116066554995139,0.017775384578904,0.0192701784686178,0.0256701295700088,0.14274468934528,0.0287061945090487,0.016359383741898,0.0324305229422041,0.0447124403047654,0.0398509024570357,0.000642979277216572,0.0516100311917348,0.0182668746158527,0.00257446529983183,0.439150329302582,0.0281966369194878,0.0812267956185516,0.0187059155801548,0.0407419762894075,0.00868412678315048,0.00444097989479459
"PVR",0.00874529550078746,0.00858701786230964,0.00351079842414789,0.0269095586333332,0.00320794905982795,0.00567812910099991,0.00611754342391739,0.0122785607117004,0.00519291566102637,0.00800890186065942,0.00958046158333748,0.00328615293600197,0.0190147776895187,0.00691342132045546,15.7483648031849,0.0038833993705677,0.00593009470215772,0.00931644769434804,0.00884237707252042,5.14209391988405,0.0652660965714772,0.00955838351994381,0.00810348929277317,0.00435477877861176,0.804223095522713,0.0100859880998006,0.00939753331375759,0.0146894208321703,0.00984981332578597,0.0138480596851553,0.0283655542840783,0.0173472185289414,0.0184825248505274,933.151314468493,3.95963460019904,0
"NECTIN2",0.00147135810269913,0.00125472136377646,0.00118049448963336,0.00261607856944379,0.00138710711229948,0.000629953002133659,0.00140542859317264,0.00250354244486023,0.000311606826249109,0.00132552456242453,0.00150615083968598,0.273032030047395,0.00446017844192807,0.000472008960325137,0.207345477179962,0.00137307777715429,0.000418170723621938,0.00122115370126856,0.000334196238648813,0.0101684008408082,0.0435831164076972,0.000888959197844787,0.000567926495770696,0.00641750700561817,0.0324213530042562,0.00106121573420298,0.000990428384141614,0.0013683166021504,0.00142209473546879,0.00134881977138231,0.0356856623678011,0.000609595801377454,0.00220044829673773,23.4089944803508,0.0946376323301813,0
"CD47",9.96210980455214,2.02949809762194,0.581421204182689,1.72567629837099,4.03776465135302,2.90096521686565,0.467977717262704,7.92436381801201,0.334559946453814,0.326634523095361,3.5954233844656,1.08077202606105,40.6182406892811,5.4444889040743,36.5068044009486,0.0761210697399213,1.0326636713617,0.531830478649225,2.455747769114,12.4315256088973,2.41136152000711,1.29332914449407,7.20757779707321,0.180268297711731,24.2352761950612,0.274751576693423,1.49873697288884,2.0410833377319,0.0424437373114446,11.4235382802024,3.88773138464418,18.0945168552433,2.10754605275602,24.7915944140779,1.22153964709709,2.06531025999561
"CD48",75.6878835486799,86.6752290347781,47.3970749381006,13.3918573627604,899.584368787155,66.3575507974373,71.0226663436364,90.3509887809767,24.0512325727442,15.7692674915026,307.008680597726,145.009155213616,173.185196843603,129.639547210037,26553.7377782459,1.63507362694033,156.674662673353,6.82401180401464,111.714252246876,145.297747808551,68.3745039996123,119.727314789164,24794.5050707024,5.90767506564856,190.392195725227,2.39954434675015,107.548555797277,80.1833507356566,1.00769699618574,543.899911043434,5.02129768859275,193.218541790044,34.8012550811894,194.398466980647,39.1000141678971,64.194158957861
"CD40",0.046107196641211,0.0822916098846121,0.0154561952411516,0.469337744050168,148098.690459107,0.0200082843736104,0.0424838939364088,0.0716172622268386,0.0652978823702704,0.0325237896495432,0.0610643085879782,35592.4958633085,0.287487692787222,62201.5592282088,255983.371905554,0.0189242382737478,0.0440636253987816,0.189783482249101,0.0280512304861403,280858.590761286,18.0139528654669,0.0632095388600675,556308250.159969,0.0226552770276933,6422.84665014642,0.0645239526054963,0.0620585107093235,0.0968487651615005,0.16636056215853,336066.153166228,0.185355212404813,36920.5697214263,38.3765644000031,129339963669.265,0.105233745778074,35.9777724153149
"CD40LG",0.00501156889218025,0.00554823112949281,0.00258521992753351,0.00398132090715268,0.0686566649471169,0.00163289174380863,0.000931238391285027,0.00554402501126919,0.004526994772665,0.039054803079378,0.00879118288332171,0.0107790359420991,0.0108792724312242,0.0372957767470752,0.00461565434671869,0.00176939114130304,0.00266350296656307,0.000572180266467385,0.0179180350050473,0.00410641265330273,0.0018229186507084,0.00241243176860167,0.0279228067281606,0.00571963884269552,0.0153659398077564,0.00833185398858617,0.000726685022792308,0.0157236900848432,0.00561683495359356,0.0173464100305132,0.00799512670587942,0.00633033860903144,0.00434813661855373,0.000408675170421315,0,0
"CD52",34.2648353468765,4.57438304146971,0.989379116310714,0.832958340492763,100.542296894448,2.80665705482565,1.0977381619085,8.60406156569917,1.15864044423656,1.43422759901122,11.7315143003587,2.8383243769598,2.92884521185004,4.65252296586606,1.03085778123869,51.825731317645,5.76103155133431,1.04914556828428,3.36578971767785,0.567305613173552,2.26574683738743,308.197657071782,3.16456137327244,0.583334922117975,0.289409053245427,0.146964651929104,1.56328988988101,2.94259791630174,0.0390023792100769,10.1603726052557,0.386610491403095,1.808414728177,0.540285999661863,0.415540885633469,0.215213962428793,5.2106620772781
"CD3D",76200.4265187845,8756.57973940803,6074.03988846404,1340.26339462013,79.0992968839519,21292.7635155193,9354.80295892449,39233.1304096106,6876.7881152273,12010.2490910815,10709.4425819553,35.5860016290978,12581.9623277989,197.914130342981,988.726290016226,1913.44344865483,49803.181128627,4093.18667773214,94898.7136880841,75.1974907587324,2083.22347336027,11806.038025363,95.7516878860226,15231.4952980648,55.740998374447,15.0602251171022,992.06790475473,19458.006325012,10.4213983342332,40992.4233243317,1286.66327970171,54.3887588411889,190.645086935234,29.315918438886,230.582935881637,3.52620925769005
"CD8A",44785970374.1978,4312609204594682,36745.5869912712,37221651317.0034,334409626080.432,776230315.03887,47378869375397,4521779071.79752,3468262430558022,321558225218.327,6795534248.43112,6077.41921422414,602802683465033,194175425.801098,2000685124570.59,179699.212553949,38155187671495.1,110580802.64769,392123035136633,830120.662362048,103576.197960462,54622800596.0294,87337.5056794189,237638.093008036,1328257692.58125,41630713248.3814,44050981657864456,251546361209739712,428.858116182074,5270540208.19119,17793245.9225875,246304.036534591,77277634.0356521,979463.692628661,437.661298745862,207.64588673943
"NCAM1",0.363514271863143,0.0872447666470868,0.0243357369296639,61753504.6758573,0.0824319607928257,0.0554672872056086,0.0521408494957465,0.0519280635543747,0.264433087475684,136546.693379582,0.0604713259311982,0.0370273269403835,14837.2486847725,0.0815190480135587,18782058.2739411,4044915.77603396,0.71322197910085,92315.1534651026,0.0771833027704644,370.163471835026,0.0427556095617734,104.125670484084,13.2335227498018,0.091437450185266,24.2661894198348,26076701319.0215,6269.34601416625,0.444054449958542,23.3864360727223,0.0317266018171202,414862590.664455,0.865206950980571,2483.12653345144,0.306510298197726,0.0573396727664829,0.0492052106538101
"CD19",12.5589775587017,5.62912214144013,0.069223485171174,131.015199522903,2842283702574.18,0.100593709819353,0.0832699869939781,1.0510980748683,0.580580729615466,1.42064681845795,0.500252741479658,193395179.589284,1.41794147066463,984269566.520868,71.7704152669647,0.310598415596489,6.95637253417028,1.72990366202983,0.740975844033266,17.5418857115356,1.01962810572632,2.46639067376434,18831037348.6602,0.16115753471858,2.70292611805008,466.41332345677,0.177600603727537,0.113744173217121,10.0358533359421,2058651.60100427,0.0899305491526927,2288333181.68842,155.311103266758,3493670.93195391,0.0666984597212602,653758.236327329
"CD33",32.3063571719022,24.3208981605548,0.348484121218622,183226.08150812,9571802.36086187,0.414264914634271,4.25720664667393,1.4641532297015,10145.3373568533,52202.6686963751,127.976644387556,0.530311794016413,533.306687869986,411.681256556643,1186422998584.64,5.37864949406063,4478.84638914806,185524821.268013,17.7818615067327,17034990.4384517,10340.889522461,0.624590267778579,32939.5284204329,0.962386711737042,496517487128.509,5.19876445230402,164.209475686332,31.0679173782893,5.73802574551071,1.20376223632679,1.5942655501463,40.8764670164527,420254.252252212,418366200.33285,9017.63319216641,109.294188658734
"ITGAX",11759.5449525098,37416.4165099974,0.758854780952073,1317539778.76744,5025366083.90368,5.21555388973602,1.19130410404387,1.93633789969877,11575.3107088642,121208.77312591,10379.8311586882,52162.6028330893,157.338963795971,3028.60045031622,142578342057289,8240.17587210948,847.88916355423,165462.570646857,5.30502970810294,27703706766075.3,303.748428107887,116.364906724414,741137.76640093,1.06753819113833,491996867157.957,9736.81546009028,10.6574296514591,8019.19314293286,3.94844694735935,5.13500336138263,4962.33557571139,308.782059406303,2538980.59055596,280488096894.903,4.69280563655924,16756487.5419075
"HLA-A",16.9740520610979,31.619492204729,1.25629599761232,30.6419188528513,3453.28008645364,4.88624282611978,3.87051915188324,53.6303453496744,5.7751005455865,7.41150660164893,23.3435181366668,122.853504763051,13.6997877551774,1300.71315633844,1078.3826994908,1.9651159705727,31.2575623967549,9.01369776421435,3.90245085234276,657.468715315169,10.2466399429255,21.8830991082854,2184.39151301486,2.6345732841551,285.407307757979,2.19868579668105,32.1140077636735,18.1161686400276,0.158796107663223,180.322398148531,18.9012551143173,6748.20857755724,76.8705453151944,700.434804400324,114.308393240713,71.1528687478539
"CD45RA",133.140677999814,1898.04900996594,77.3923140978306,5670.95032822379,8636.13468051727,187.055534355873,1061.19036239454,163.268048010616,893.235985160006,796.162870862547,8.20225597531495,339.369498158468,375.784412525848,1238.97113885525,331.69711588741,432.458581456862,371.766047777627,1302.70367168815,730.002658876565,3663.73052679426,79.5180219349409,108.381534693969,1409.55925801738,141.334967537015,24.2917157166312,1354.82198565105,767.843509579983,887.227282023052,3.45964022655392,541.041553350246,1729.25305758346,390.282411415176,7436.56254872634,4289.27298002757,62.9372408800781,194.902806502357
"IL3RA",1.54415373645322,4.72958631539564,0.0410735318054233,39.2411339840436,364916.457015012,0.0522268428225538,0.168801820667859,0.969525806414662,5.58042309020657,0.379119630426768,0.33673760531077,59.7660144673468,458.121891181857,462.887453373558,18737581.3227541,0.0623617272123219,0.087118628997266,0.107857703820529,0.820367426660243,13893999.0937015,6.15411038333727,0.293678843971347,15165.1277060807,0.064470458792851,1107706.65878544,1.99970142629512,0.135458911374228,0.0648351820540608,29.0968219789675,38.2480444009923,0.446305850244668,1024.29008099071,175.947511139995,944347624.549129,1913.30073052987,522.616580599892
"CD7",6105379401.14159,40991254994.431,160267666.63085,194112164112.19,2794.87687588249,58011304.0234219,3548858282307.34,226346502.59939,20377730.296523,1185906781.26542,857981663.895365,578.55981521832,857158802.338344,87541.7057259575,14480461.9580783,73254067.2413035,6915216022.78704,969741.782304479,141085690556.836,41405.7583917774,18435131.9592531,23318798.0751129,1741920.14523906,3463605.5596508,1366.26057087682,8457494.29044767,3092804164.59688,597381844.660178,13.3967980438592,3903674816.38823,231596263.007142,144940.35218556,70692102.9077055,12507.0562311613,182135.551634307,2.86478711266934
"ENG",0.00969077515738506,0.919757019163949,0.0102817435120581,0.0142355569730749,2.08417722326364,0.0139485298923029,0.0389252229221629,0.01065680596723,0.0209127022904309,0.024709810672103,0.0146027992269099,0.122993639398502,0.0181692227324468,0.0528754784418839,14.9232168316966,0.00887373907853387,0.0262807150625706,0.0152106653080428,0.0606392644605578,0.536716124881119,0.00749654464088487,0.0263374593364218,0.0708912566649254,0.00656002883365438,2.73881792759445,0.0181965088109546,0.0311652848108306,0.0176652437147482,0.0173221401912431,0.0206917401298484,0.0201564820301179,0.0149454281850341,0.118847240081113,0.0117241487220306,0.00965217828342224,0.169279510561801
"ITGA6",0.00331767118242118,0.00056165263537818,0.00156753345459317,0.0390793256479393,0.00165846300239546,0.00209534326279516,0.000197835872404474,0.00495008747071801,0.0017364143378477,0.00920902335785246,1.42862813304706,0.000153714889799049,11.7556061570119,0.00258626574085444,0.0686937740870524,0.00102154168901597,0.381974932730607,0.0130835806139521,0.00802993302023666,0.044341861737256,0.29536266039951,0.177036485648817,0.01942134644017,0.00285873890910207,4.98601536196816,0.0287935824951271,0.820582292411938,0.303782097130347,0.00107886637747701,0.0090417283716313,56.8836796547991,3.71775111670944,0.00743287026848605,0.21494302813637,0.00376349573069162,0.00237921865286664
"CCR4",4.06144049662719,0.0712868092043845,0.0582456399361406,26.5917907532083,0.256210146653276,0.0519419567823493,0.0453089848481062,1.55890768184774,0.0920058733170849,0.0662135272772021,912631408.076395,0.0328379563616578,222370.739077941,0.0546915819208287,2.10785751871793,3.71661925023069,0.799377481023303,0.224472976150142,42.1550408878794,0.41743982939453,1122829.42463215,496.873933499716,0.97694714378262,0.0833729986182633,2.37693363585974,0.537099373610419,4713.41145588224,198.319296482607,0.0278907589403233,0.217841564115984,2.14657179430828,1.33760256337959,0.282315795825076,4.87000381147969,0.0169684617079059,0.025669884461586
"CD4",9611.08127006509,21.5078852335975,993.112177884911,115.729439819564,25.8473299035451,4425.38306209702,23.5550669985429,20127.4719307405,9.90861578097402,43.0829281761659,33410.9378087126,2.91422666042826,10566.1742311315,55.9348605130357,557.885732039681,0.491153258607614,17.1457990377061,6.94329446890653,2332.15894332549,100.339599546049,5373.21256927795,206.305106143565,50.6066467166195,119.693631550563,706.991838360365,2.86931473179327,460.752413718328,140.48966044445,1.73850090569536,7969.14123004823,74.645868931529,34.3150520541867,106.675048819289,29839.0813872392,327.439586857691,0.10305499261916
"CD44",1533.56177894425,1180.6076931488,8707.88856930719,1348.77625720116,187353.863538226,1649.60401981897,518.988958970695,5062.88960510709,2549725.45710958,404.297844486408,20962.7776852737,4762.30939867021,642.352383676586,6693.10742875121,20285936828.2949,72.5110727878926,1958.67401749666,4338.60194824343,976.588029160205,2172444893.12484,3181.18768922477,18861.7603398466,24938.9263802581,46.8167828601171,91374596.9660357,4685.42280996297,5957.34408855617,15049.9169531834,6.03688802760686,767.978949121449,105.167384335198,79351.8847116701,35508.9264254818,52046996.4136482,2328.41519687767,613.335123652426
"CD14",0.0495074476384739,0.0622717254807242,0.0277884245945091,0.441010281841577,0.0944422773936067,0.0299418336597543,0.029305532886722,0.0628358566682215,0.0318643378345518,0.044468300142954,0.0388768316222361,0.012770831621781,0.0305806876384468,0.0170533725643678,1974680.97843949,0.0238800914589865,0.0465912552334051,0.0761020997502524,0.037342145990355,410.911532031849,0.056544045595486,0.0230301217581277,0.0132152319208498,0.0265845161985562,56986.0567330669,0.103251331345396,0.0619185651915989,0.0646891912470234,0.137701567972142,0.0653820756534858,0.0402350854762454,0.0149382940240145,3.68935823250825,0.0683494678463121,0.0957612717225321,0.0015227777366121
"FCGR3A",0.307454622691768,4437.43634153495,88.8026119581803,12213450032886.2,87.9833647586393,1.07395109213215,0.142795287703383,0.0716264075207507,82686.7264428992,42778317.3796035,42.5666370879436,0.143094108545294,6633.66458979655,878.471484891128,366336611.993084,3249888718.5172,0.154263679153761,58218781874.2873,537.120026025278,105745970008.655,0.0452665210995761,1023.74159831159,11198137.6306314,1.91269620841458,21244711.9809726,333102.787166315,3015.61380310846,915.036398425444,4064.66154647067,60.0356149363308,97247638409.602,0.0705113074615793,7325242328.49884,73.757157803003,3.11018725032082,0.0135414133587794
"IL2RA",0.0322586753809451,0.0208329313803267,0.0439798263310666,21.2739589778505,2.78007902740489,0.0117677367092785,0.0170461899283619,0.752545975162764,0.0141289432832636,0.0230625463953625,16.4022555471617,0.0383991365510856,130.776567072145,2.14817840454391,5.76904815804919,0.00659546451778719,0.218375933598933,0.00571923948436473,0.197195088699775,2356.44029918695,12791160.4425005,0.18930609432253,9.98156315520065,0.144063137705817,0.206633123218692,0.0464686604447373,3615.67158311119,3358.00029443569,0.0510267759671987,0.840377041529276,0.0547175078719475,0.138466613039506,0.052921826154542,1997.88586819206,14.3754810807369,0.193092145076901
"CD45RO",0.30547136811211,0.583873217620544,0.0398584592307265,0.0250162064502782,0.0525116536232847,0.0745301850728898,0.0558369084547016,2.06171529351615,0.13372426876974,0.0702330265419829,15.6724210364058,0.0180587450585628,0.710715766305578,0.0185568322792846,0.83567712640144,0.00220669132289398,0.149683313370336,0.010463221313226,0.0764593410385699,0.114698431679224,3.87855121071463,2.03216201655141,0.0180818796651544,0.0175052921328844,0.15002019256369,0.111553972072452,0.383190221342409,12.5715470591289,0.00114038091116097,0.218033489615744,0.0117078838358625,0.0168786481585189,0.0222134283643263,0.899865429883281,0.0223493060874652,0.0167761155434803
"PDCD1",0.00192759139587548,0.00606921385622355,0.000396803866373171,0.00987610534552046,0.00293131535684827,7.79807401955301e-05,0.00237695576233096,0.00535587135134802,0.0519690646366487,0.100509674089445,0.971326706307017,0.000528021439683397,0.128902303913644,0.00656702860426438,0.00679088800325265,0.000390046325391965,1.10352715965598,0.0217774891671881,0.00321733596852761,0.00184630051631839,0.124248621719378,0.00500068665237903,0.0939061990675869,0.0078881303290834,0.000147171457802613,0.00177421490544952,0.0144250002477548,0.745327721331737,0.000411471744156572,0.0265004137160534,0.0651703649764004,0.00330737931523188,0.000352219241647293,0,1.17377055429857,0
"TIGIT",0.0186970837327669,0.0361939965253743,0.0108893189887337,18.1552924506169,1.53427768681887,0.00671721653979718,0.0123896719073116,6.07268347680254,7.08957639103998,6.18471550171855,41.105454114225,0.00538189434627779,483.319033743516,0.195306108176129,0.169124669828523,0.417261644999488,0.429523213396128,3.83486488724174,0.0628447767256984,0.260794694994956,650.468922674064,0.0397339042614112,0.035599815828718,0.248368484976186,0.0402114105237692,1802.45384557375,0.0478409064264068,46.7052061139922,0.00633496170855456,0.0321152778327838,5.05347874189554,0.0100168025565474,1.40856105092359,0.070945331441029,0.0408656014818657,4.28947953213466e-05
"Mouse-IgG1",0.00443472309941645,0.0044510993510442,0.00444230191587293,0.0023513839534172,0.00492599665314993,0.00365119063022585,0.00345442173929283,0.00519781942581119,0.00272860493962381,0.00341493310072671,0.00426953652329895,0.00417825151171622,0.00481895960809714,0.00336526745891269,0.00227114874709583,0.00247264154301058,0.00222633541127024,0.00121555773316302,0.0055606805776747,0.00308002564710219,0.00305793964062717,0.00468160932171026,0.00395972498070019,0.0059147155359003,0.00228683391106722,0.00264317969136254,0.00602027089946627,0.00329757946411104,0.00356174592630338,0.0024309255865681,0.00331597225365689,0.810508079029079,3.01102156101494e-05,0.000438048382640859,0.000217433852173478,0.000212228223608751
"Mouse-IgG2a",0.00276097818572988,0.00331306930891472,0.00462933033154087,0.00393144089033751,0.047523614390125,0.00248874745401273,0.00250573880026715,0.00193422509190981,0.00300001070079206,0.00389948376965819,0.00805253337016466,0.00763987009627991,0.00692573749641919,60.0825166044606,0.00761211865543013,0.00314718124737918,0.00350001125852094,0.00229483039553941,0.00859661627005143,0.00668925986673508,0.0041816947460565,0.005669846168818,0.024454158161778,472.002127685749,0.00812782965155582,0.00200390292426771,0.00224661987332983,0.00197730503694422,0.00725350703410115,0.00448877330522113,0.0114135919245037,0.00435271986865975,0.120497797392141,0.0096857406273268,0,0.00427019935486057
"Mouse-IgG2b",0.0185093521144778,0.543196195194625,0.686948437185829,0.548732384502137,8.40250143993747,0.0043097598741686,3.31505930651127,0.00263922436663169,1.80726833411259,0.0108011874624092,34.8683260988394,0.0128296932069845,0.00507009213097387,0.00571159434577965,0.0141955255200103,0.0272395150414208,0.00791314096853886,0.0115756319685629,0.00676477082889103,15.5426550017514,0.00437457342149281,0.00864472994454895,0.00315700937264652,20.1492049285319,0.0130717050063643,13.600611504874,0.0109213401145417,0.00585367195065856,0.0611996709059636,0.176537705017181,0.123612266583619,0.00775032304492104,0.00523018210661197,0.0102620334608138,0.008548208777408,0.00340507130655837
"Rat-IgG2b",0.00734734362994489,0.10994756149558,0.0100431055557078,0.0114371843967743,0.0182302319647377,0.00405817971353265,0.00766778611703217,0.00391625207820329,0.00648860489540203,0.00852401604043762,0.0125838079713337,0.00660752391681911,0.00622567247209871,0.0154929462580278,0.0414507895680999,0.00832438224853486,0.00806556354943525,0.00546618914513728,0.00612924972943482,0.0245192251875317,0.00641234796748492,0.00782913217052052,0.00548513934044005,0.00475032571172346,0.00682952422687267,0.0242782007987033,0.00615720245907672,0.00715429479410809,0.00440936195325176,0.00366816491661925,0.01148437593195,0.00909909382039296,0.0390648612124624,0.135510559074115,0.00532259791873665,0.00317667608180143
"MS4A1",0.242026703994789,0.921281946850757,0.0174108015954726,18.4537314065254,1979355.1499135,0.444302246527209,0.8087467840115,2.59792403994145,2.98097359977463,0.40376639203498,0.473282152278161,6238.36307860465,0.0891348145801604,172404.977546947,12.4369140971738,0.0392664186329105,11.2313299146923,0.311253785035359,0.632511630448405,0.335744035893062,0.100840390885186,0.208127059575875,12283.5164551811,0.128973162439153,0.801565574374479,0.351658222065753,1.81804711304899,0.183932584123633,0.134657232473856,2438.91219616175,0.0934953864324818,104109.386521048,226.105998822618,6.93032086062357,0.00521489020836803,10166.6467985973
"NCR1",0.0239751999308879,0.0189835233945533,0.0156125788293725,1771.98709221037,0.0158511196429427,0.0122722438742231,0.0115260321466595,0.0340027129774243,0.834698590971229,1130.88796057623,0.0181358286646091,0.00704112154858723,0.278909391089277,0.0245761998506764,4.22190125260335,13.7072474771336,0.411439752409388,142.273594614911,0.00959840567035888,0.638935997519544,0.156144447900643,0.590567132155175,1.13373311049841,0.0475490350135502,0.104818748699788,294.092665465227,0.144556580206136,7.05129868623248,0.0429508226858512,0.0302768549529155,392.027517508381,0.0615477014044895,39.2490250290143,0.163403905959712,0.00506988168822538,0.00045466970602316
"PECAM1",0.965017194746028,38.8461412706615,0.176398759189948,0.584304875269847,1.92744268368146,1.12004463479717,5.08647819426692,2.557427014518,4.43298144178111,0.116316533414559,0.408521200144733,0.582764089546913,469.325311433362,6.30694301095293,6397.98099164509,0.187915027135418,4.78494262854488,0.0780958993711669,1.35818483314442,188403.683254797,12.2956943541374,7.76561801643907,1.36658728957071,0.116465214555514,278874.838607216,0.132952844491141,5.53038630103531,63.4749735494967,0.048737033164164,2.69807587642652,14.4335695238698,149.380166284501,0.325707920784742,48.3010563650202,807.885800721261,0.11874039756308
"MCAM",0.241447499824266,122.63391543629,0.0708979527597829,1.71945819137027,0.139199500125952,0.0414010320335569,0.333913164857681,0.484823091306383,140485.316686355,0.0947771270880779,46445983.4325709,8.46741845827082,3288166939.24984,0.108975644837001,0.092289848846266,0.047501934876513,13.8031240542113,0.0397045838059667,0.158428045978697,0.0928771526027253,40024766659.9966,3.41724675797634,0.329382845068666,47.2792542518551,0.112612313142547,0.0385902699790329,32657.6450037556,12181.1612417819,0.0603474414517347,0.321948043501945,0.145475920712017,0.0541904163656774,0.101200170233586,0.0761385282066178,0.02670723948336,0.113841534180481
"IGHM",0.0795754152822971,0.0335499368836116,0.0129944332423536,8.72756008246415,48026.823906229,0.012737108614454,0.00738779597022562,0.0492785474063066,0.064192021856705,0.134403554835622,0.406425832220069,48.561979776113,0.264124945887874,355263.466482135,3104.06346981994,0.0371019649850834,0.0411648107319434,0.223750221602702,0.0238897874114727,1187.468181739,0.0577490686115325,0.88558192609557,34916.5450585058,0.0246825300230033,72.6674604265519,0.261776283513443,0.814534853822591,0.106898328125518,0.109406001777698,1517.34175311627,0.101713334412522,66754.2597318463,193758.701246747,0.419520603234326,0.0156539554185572,163.171966257259
"CD5",45478.4808556125,6474.03469585855,5663.00432626138,201.110764308585,187.549165931317,5886.34648209512,2438.39311986791,52633.3141195681,381.299753699654,692.010623525927,169731.111443434,16.1955275783074,29780.8196948567,2501.04968570175,2040.56552393431,57.9186964739186,5049.66717125767,2.29164780224323,33641.5211868804,38.3948241757565,22931.2185531109,529.006032132238,422.152668775543,849.823530771579,160.641339012291,12.7932794357093,6064.22162792145,22268.4145776764,10.9235876032977,19835.6439069931,46.144450766104,101.847498638074,170.224126216747,93942.0595041161,1499.99110108919,14.3030135445454
"CXCR3",0.00315419934210546,0.235412673647834,0.00196466095077047,0.0110791031129138,0.00743238223887788,0.00116620029775642,0.0555299006205569,0.00579440753874727,0.0106228304458058,0.00729420023197161,0.029001081116392,0.00326685384945491,0.0622609919574398,0.00354696569303308,0.00383710315582391,0.00398706859647336,0.0845190406779771,0.00214622883801577,0.0140427976974494,0.00519061055154929,0.0230350417248654,0.245074215627776,0.00503911774629251,0.0267085664927709,0.00417997119265202,0.0130577815267423,0.0744260251522264,0.0999587679360746,0.004525886762187,0.0285905909766003,0.00599971323975419,0.00599986222993413,0.002278344574263,0.187090509275821,0,0
"CCR5",0.00179996621728148,0.00168947623660461,0.000427277001642999,0.00454322570382048,0.013743760979985,0.000746612965253998,0.000614920088599784,0.00129298105792899,0.0251191266435336,0.0175595896816046,0.0418731972674368,0.0038146063204917,0.114380237850152,0.00362890538606869,22.1279378425378,0.000392718397498601,0.00292471441131,0.000296059945131026,0.00357634843803503,1.66095670027801,0.0249118192989996,2.16166650830967,0.00915087213527217,3.46780840108936e-05,3.48389035289295,0.0233898946824943,0.0290617319144228,0.200460143923433,0.0897038156446564,0,0.0624644337602903,0.0927282100139004,0.33303468256642,0.150886098622142,0,0.00552643170738194
"FCGR2A",1.80183471790541,0.0730667621106797,0.0111579943908176,1083.20476688442,775060.84101491,0.0220501654217071,0.0152115105475139,0.0656406002422304,0.0399671589490727,2.68166812345367,0.183102655715278,19402.9083789924,0.965271156125893,7759.82116374902,864098.805327429,0.063359724058181,0.049979183858574,0.595478344446524,0.0285030511466543,5762.89753607355,0.168131437869779,0.164157237464162,4260.31601538768,0.0204908095060489,2058056.58124856,0.180723848612697,0.187197999349414,0.0784370104737228,0.460139355139183,176.736646896804,6075.49471515049,4614.77057349559,13.9088768089076,4.60799127927895,0.156366212461847,1381.07780945296
"CCR6",0.0282036971714132,0.10556924943136,0.0637239977358819,0.130552982793748,5229.05815611422,0.0100448351163701,0.0325245906757511,1.82261637898519,0.029523284049209,0.503037903771572,1953.27330691424,408.430441794394,2.08139722853557,69.3642751821099,0.142532146660107,0.0224615169711193,0.0247562860637606,0.0414773547360624,2.22152381693756,0.0972301105577543,66.509065983272,17.8449072967597,345.243611033292,0.0917257050011395,0.281735358209192,0.0442286884541421,8.90140845043406,0.0163423799227085,0.0759425236389901,28.3562072416714,0.0161597755715649,18317.3458501512,0.0799137798194436,0.14707369509026,0.0160610111890473,346.260071722391
"CXCR5",0.00674960811022647,0.00773242523663203,0.0114553951171024,0.00765318134713932,428.939352098558,0.00555091893422675,0.00433142969819592,0.00726831920436061,0.0402186644860869,0.0230810958081725,0.055854229991969,6.24083838633191,0.0176429028780041,19.0893875977845,0.0503158464023809,0.0213548918259368,0.0225367795306273,0.00785595946895228,0.012258507310275,0.0716913997591166,0.0134859455050602,0.0132804683617023,5.92911108092008,0.0319182986380287,0.0980712813365951,0.0231296695051575,0.0120896574994422,0.013574448034243,0.0312050262829188,0.114284522578349,0.0678631451972912,1.68864649955798,0.119296875644283,0.0429235342458239,0.0111715144493506,2.04126424296135
"ITGAE",1.59993980058921,23668.7753967633,0.0371851105257749,37504.9879610352,0.123689841027886,0.035034789066692,0.459387823299383,1.40115533541046,59.7568075530039,562.565933507643,123495.575025944,0.268798016773003,13798744.2899776,0.23124167881292,2219.0172677348,1.95064333221192,758096.501025824,189.787254297071,1000.19015725614,0.170338587470705,6178.85964092944,1126658.29742554,0.115695751669067,0.656559766010402,17783.663887297,2920.39584978336,12422005712531,16176.8814892026,0.123830031146624,2.28039323565787,16.8895437806943,0.0951392321939185,1.570699073846,1003.85382240251,0.0240413200453407,0.0273067785799608
"CD69",18.543914014314,20.4121344702435,0.137238120143557,209737.025384792,37221355.6881877,0.0610197475181471,167.979641024147,47.2037840164087,5548.52971374311,14139.9919646117,1818.14520240424,589.236702514208,59.5389888037561,1717171.53310275,80.3649711015985,425.82618704482,193327.237503163,1843.29732144891,3.15371921630441,1034.25687033083,16667.3848436938,13232.7287210147,1519329737.19733,0.0500090655070778,405.742008272296,9215.88227611564,3632535.22296475,666629.134018167,0.0908148457981498,12441.332485902,30041.6808383892,4124.24793691724,24563.744013546,231.958883157371,812086.693268667,94.7537730946247
"SELL",1014281125.83752,1137286358.9469,1762811240.52623,4260298.21679963,163298458736375,685144979.703821,405837651.829313,689562163.178416,945118.96364819,1477678.3567686,5846275327.75698,252261727819877,1087152167.80029,32094955.933503,1862031.54881231,77282.7182208777,44698694434.2131,16359.354594293,1415106366.67113,271824.524215321,840725730.068178,5927872.0085452,196972041.611512,2303633.46204539,308346.387928143,9248004849.51191,1625890417.64972,29975220.9890223,477.755306452454,19230211616.4694,898702.648690046,5925912.97817063,119199402.91307,261556622.910475,35212.7927215142,209067.866765126
"KLRB1",0.204878402401349,105.377334393354,0.0141556258951047,1182.18400630842,0.0314343622183836,0.010078162924828,13.1100877740591,64.8924863784313,13.9562786977854,102.825639482472,4809682.32255372,0.00328599369549673,3.69702313828448,0.0243882963942743,8.717799739606,12.4915072696116,1.55491112256915,83.2553983498589,0.400517968559492,0.200481990873141,84.8594510468037,309740.359383032,0.816612666010695,0.0948826509172604,0.0338653692506471,241.001434746667,7165678.06692652,0.60856089995854,0.0250878838458671,0.0424077338227576,1429.77181220122,0.0131534662655544,36.804029836173,0.0778891128102939,0.242323796918966,0.00984717266669075
"CTLA4",0.000768728096859478,37.6230213014501,0.000570372137250481,0.00175411743713036,1.95015184328753,0.00057943435780824,0.000869745761242147,0.00215982593431268,0.000189511249938019,0.00103957157413218,0.000955960326872305,0.00202803671544354,0.00234120543730825,0.0066711514123423,0.00261390689499431,0.000640679602959747,0.000748933674785017,0.000459912589015905,0.0476275490994113,0.00145355452760172,0.00277489989370008,0.000152056578877887,0.00016568071195445,0.000639299728983437,0.000470026000149302,0,0.000612313726266865,0.00121020208845269,0.00107121423351983,0.0018937754192247,0.160092572766124,0.149079197828108,0,0.0213924781846326,0.209357123909649,0
"LAG3",0.00923257766052617,0.00953281791221726,0.00877440360295675,0.0142928310041161,0.0326338663444531,0.00321733912703161,0.00460210495330779,0.0106462230243896,0.029571577373566,0.0274976565045545,0.209042622855945,0.0141317397944573,0.0307489941201939,0.020860963008336,0.0470345627018351,0.0137048108316644,0.015976567162087,0.0109909378743429,0.0189664206215505,0.0230019721962344,0.0352977742141476,0.0368562666151451,0.0269951423910259,0.017733602183795,0.0439907664555504,0.110722047179895,0.152178859178748,0.694765209670679,0.00205089633538072,0.00741561972338867,0.0268907899495238,0.0177001509153233,0.140544044353378,0.00607311286378894,0.00722718560036867,0.00300275054746743
"KLRG1",179.355999788255,216.373476196617,0.0945400405001471,14.5947036205406,5.89939233171682,0.030425740162847,11.8408361805491,0.284994278602847,301.324001713779,111.364859959237,8.50259503641355,0.025364286921994,6.78660672286454,0.115000072651304,0.580573645302045,0.975710944764241,32.6604815548101,4.0297108457936,0.342791914227418,0.101655455292037,0.369910271809162,6967.19076005191,0.485687085019566,337905229120.373,0.359071032936123,16.0637854103199,495.9946509735,52.9812188034097,0.109727010018654,17.8933672486241,10.5470921469322,0.0431465175043196,3.75491162956757,0.123030701299448,0.0248367143845196,0.179770434819647
"CD27",129670.350416364,39986.1182222633,2996430580.48275,1449.89913343951,42322.5370579675,44335.8203301297,14434.8930548254,106834.019987014,1672.79614873495,116.512758433121,51887.9154648193,80.9241807031503,14083.5470266264,21.6240122444091,213.672872638609,0.10860611630348,192149.806485749,0.223558222980473,7468.37060840107,1.56673660607006,934298.448783393,1026.69518899002,63.9509265991668,61.0924667407635,16.7207273682321,8.73606420410204,5459.21670621178,278925.166927854,1.54771533537316,15501.8153865218,110.702798363362,14.0129206151721,372.499804908935,151225.676025887,2.39906816458303,1.34385635526397
"LAMP1",0.218745777152529,0.15526224574998,0.0228091531418328,440.22095326465,1.31222561808353,0.0264966715774812,0.0423749875989454,0.35843266120758,0.515435457129951,0.408755914289949,0.0789423963437302,0.220785756192793,9.97932986625052,0.209869572020546,136.362605945754,0.238962357267,0.090818261632748,0.0393127319503361,0.323916752983469,8.15565630961995,0.0302119588228422,0.184423137542391,66.4542420305395,0.0670655024104229,33.0877201585589,0.0314729995222107,0.459733372649525,0.0976945947854429,0.280927527511393,0.163823640955108,0.481332640854139,0.4173404637216,0.12274504816065,0.104199658856545,0.0479199933987323,18.9164429247759
"FAS",0.291930386417482,0.319957918486439,0.0318216651570422,1.12041368264476,178.412714991136,0.0296029706422158,0.0343551833663601,1.18354555766945,0.507514781168883,0.444395537707724,43.8302320032359,0.0618024940117382,5.35902241959639,0.120855799260451,8.41253091507265,0.201695198315969,1.31100799573057,0.337905502452876,0.111355869987691,3.95546245619893,1240.59898615912,3.25047799445649,0.567362094693648,0.0737827905125624,2.13949701704488,2.62101756996123,2.69409021602018,11.3731328043942,0.0208554248120148,0.439950560945299,0.453047716348991,0.00728029382382016,0.234063200667489,73.5384528598546,0.336786426672499,0.046491470722581
"TNFRSF4",0.00249856510993362,0.00209082747517742,0.00176321515101151,0.00504964268469645,0.00480671751325558,0.002400715610258,0.000993000781445388,0.00531678566075619,0.00159717450847169,0.00245670507802836,0.0924009441511021,0.0029711865793019,0.00846275766206279,0.0378224625545793,0.135079827857092,0.00076165885741964,0.00156204254637388,0.00188459067965716,0.00297514045899759,0.590794351717995,72.1615418829613,0.00130266351133945,0.233992142110481,0.0103253373008716,0.157595496376025,0.00282358425418901,0.00270642418459703,9.34674468225042,0.00356677428738213,0.0172666934603586,0.00685408160825142,0.00100952795233863,0.00512306608428557,0.106838509205213,0.00114027835298609,0.00463912018476758
"HLA-DRA",0.0838040299811939,1.62565100325477,0.0216315716048939,2378.00148352843,464941.480327236,0.219657918879483,0.0179404688082161,0.454423422371052,18.9634147762125,0.836598167444867,240.321869025138,430974.697684453,0.686016025858787,17606.7049707334,77831.4928014892,0.0323633228369611,0.0758583963929206,1.49915436810877,1.09606644476969,9727.22705079627,0.311108475967649,0.266055681325478,37178.3410228567,0.0297733724001385,4630.08881178048,0.393754445406679,0.10395823398211,9.93181860825984,4.68930980136665,516.45110575583,0.180355990654236,7239.93599312288,266.309071509525,2002055.49844525,91.957014004641,14897.6983050736
"CD1C",5.66073528940893,24673629.7062776,0.0977677485541519,485.345066854131,34892621634677.8,0.165740436574325,0.0886021516567877,1.16297774071873,0.720788420133519,0.057020117140348,15.7843002660336,50074983679.0466,1.08917914769235,23415974607.8085,59520671536121.1,0.0615172906891624,8.21878312904981,0.0704949990044401,0.579675627625005,4210307.50641577,0.751731911093622,0.123852611141832,1063801899397,0.22588701234791,6443251.52398421,0.148220345367799,0.285733433851261,0.0615557629465783,0.475793012406541,2535.15838840719,0.0411317191559359,427971569.399514,23588739142.0642,1.3221802833708e+20,0.347134544412656,220055.037165383
"ITGAM",0.437708040002498,0.534028749485304,0.0283631929893257,543.950974587704,57.6832306519586,1.01580189390555,0.0300381005929757,0.418639538281086,0.318822233518762,2.08914855060573,91.9852317703658,0.0250569198918945,0.149425653957758,2.30388391417915,221606.326466264,1.14913436108998,2.06448158503539,8.75880338487843,0.110228946181152,290.534344641674,0.160381301647267,0.382227686644675,19.8672917269065,0.0457094738008929,19978.301028701,7.01217209480419,1.80066177481434,0.0852852085169678,0.0772834886423319,1.13717120039665,54.9248919418001,0.147357455497209,48.4910747585156,61.0992175529427,0.305942291627168,0.0391272159362619
"FCGR1A",0.152667577509951,2.61394887257881,0.124700021016865,2.05495498675923,7.03406940175313,0.0835610995649273,0.0758381347615997,0.351022372967029,0.15216611351939,0.267358340213198,0.221382659247019,0.0634053376280954,0.146244824641845,0.168932747589915,25183187.9376853,0.0829084991982924,0.209160149405216,1446.60614233803,0.0975077424180917,1908225.53903724,0.124541229891146,0.0950690080120506,0.0877836631691186,0.234162124876238,1580141.44241434,0.406353611158204,0.0928980006552562,0.091978682773012,0.144101227616122,0.197980592888972,0.168284649949442,0.19337814318991,381.580877057549,0.727280174432094,0.296807627738896,0.0426661223088653
"THBD",0.00313497499336027,0.00456319010454504,0.00179063840561583,0.0106155255861763,0.0198455189558591,0.00261216523450013,0.00193165968954758,0.00816856471766198,0.00518358044114949,0.00979791592040951,0.00697118663002973,0.0088813273349371,0.0394470136841246,0.0347799108794991,23.9525219643715,0.00431594477322325,0.0103570460897222,0.0073443495016844,0.00322628238995694,1.41439417212932,0.00352158423634389,0.0104712975199041,0.309695188722774,0.00517704743524426,69.5126553027051,0.00568989192353659,0.00370710916556045,0.00853426570749882,0.0607958367628063,0.00535394317970721,0.0148589667854966,0.0190529341529489,0.512502906492822,117.456214500352,21.3456543911103,0.0146389100645443
"CD1D",0.190156980718098,0.0054628432341559,0.00464989313469033,0.0734554251107774,96.4070134152509,0.00253105679322773,0.0102068250415242,0.00428493277687847,0.0203681939917438,0.0201080031349832,0.00639023234961098,0.185550687863501,0.00472142333423976,0.820691774082753,9.56675970154472,0.00324772946747072,0.00422620578701651,0.00710111680238807,0.0102106035448628,0.139837055324756,0.00622817665160361,0.00560545852862751,0.530052669865309,0.265595844327787,56.8713632059087,0.0216515847146754,218009.548870187,0.0027533590061119,0.0227551710424437,0.0115909911356777,0.00557711047665525,0.11190415416976,0.0728552135358921,0.684341839912223,0,0.27256182707236
"KLRK1",0.0225361023628899,1.27516066871914,0.0561901346020428,3.45952884681517,0.0741923332771972,0.00396764617889049,0.146135262805924,0.0166881441777993,0.169636208912613,0.852970945731186,0.0168987809368287,0.0229701139471396,0.0587762970150994,0.0236988946775303,0.154821358910482,0.235942065182925,0.482609947313327,0.595518663927002,0.0518074426902477,0.114255776526495,0.0127218144953231,0.113390513911057,0.0189665013960659,0.0990241377228426,0.143663175640867,9.04895744129321,0.872295756462824,0.879066352594195,0.015449804862322,1.69906575217879,1.42293982068032,0.0031533422147464,0.189296789153493,0.0108960521013389,0.0294514618043193,0.00419076189874819
"CR1",133.05101914862,13199.3241824942,3.78160436146116,487.814571454158,18098981.0542978,1.12274870044019,7.84815821145273,187.491058846496,28.3022555939432,5.62035139210703,11453.2204348209,1736149.03400057,87.2665499799727,1431707.55782631,12670018.1661448,0.214557795588809,2390.54809911929,1.39609046627137,51.7302054516014,453.286612581572,5.63025330683664,135.316937847995,3228112.62272948,6.31794001033693,3648347.71086938,8.29571903860255,26362.5851654073,40.1286392327208,14.4283611981646,7279.74393124226,93.742550302169,11604621.9666637,45728.5386888073,3682.8697200541,79.1523602694984,41582.2369072685
"B3GAT1",5058.85895164691,2297.13098142008,0.0753295958419418,282718.208325032,1.21282351086403,0.238374192995644,1.44172787506756,52.6426445649467,356172809.615032,12871538.7735946,139412920.871198,2935.16358957966,386124.16619354,3048223684.38952,40258.5403243732,572398.237218087,13.637575113958,16919.7386826154,724.324517226271,0.596692164083464,171154392.101205,559.486452609204,35.3169575631578,0.0471276904894307,2.13307025677714,13.3366719480403,1333.89219842931,219307.706315832,7.36752674856706,1.62516445057568,12546319.0181788,3.85094827584977,9284.59126121796,3543.37308002264,149.672203835644,1.3040150524961
"BTLA",0.780259392740906,0.120060570619511,0.0232962866232449,0.0271954395374021,1.45122893166826,0.0462261333022261,0.0472778944876612,0.489884941942051,0.00387120671052279,0.00472978207149611,0.189296762216092,3.53816334813976,0.205503012251874,1.31717034256489,0.0689121522845214,0.00118678012770926,0.0104722674182144,0.00575743008977812,0.0390560536780897,0.0173510421582588,0.0467901546943904,0.0129532947721547,0.417586234948178,0.0234581041946583,0.0494682191755205,0.00671629726043784,0.0892711118238122,0.0431167757339945,0.00712035560000089,3988.24064892233,0.0470614982951195,0.761487481171791,0.0795006303344759,0.979573048291296,0.030591091893672,0.266749608626917
"ICOS",434.662363142875,53.5118190742294,13.7214222117077,2.06651882762503,114.552960620827,17.2742677713821,3.08964433012384,3603.21969690478,1.06173741712762,4.94551075911242,254156.056653858,6.08647764452036,2750.08470445533,8.46530623788971,21.3181370394716,0.0117828977208664,12.3762238023352,0.258862188060067,36.6405874189111,0.10578518441469,29972.3375195835,182.416004739159,10.0240991523184,6.59204084436373,0.322429155458916,0.0280262927434273,9629.73711565671,2093.20557839511,0.122906815940364,325.14364149364,0.252029680915032,1.83543555032073,0.478761775256329,0.534824058353344,3.63840229371189,0.00130349686177119
"CD58",0.0110480557815715,0.00890192555435442,0.00149676315967121,0.113850994408901,0.131791627578324,0.00280451154832369,0.00171904486278536,0.0217408381730315,0.0493793400523408,0.0979162594476069,0.193273457275915,0.0236641268459439,0.180574654977466,0.0688768014963995,3.88225845504394,0.0116301279172847,0.0240322787975664,0.0555739753393186,0.0343172371791142,1.94298029881848,0.134666507161608,0.164538578153696,0.861549296136994,0.00257034693461871,4.31310050531573,0.0276303449257479,0.159984266313105,0.146307307944776,0.00505796289110096,0.0448191950440487,0.221550173420496,0.217953976460833,0.162428911531435,0.937538525527879,0.238472882990623,0.0360486638543744
"ENTPD1",0.108480752563648,63718.1178497024,345.362742356602,2404.82084725106,5842571.83153628,0.0855679601619991,0.212279145217143,4.81195451132641,2.62177191858836,1865.7599355619,28932.0756446214,382512.736230758,84.5100084423315,5634.90229677547,507828.142325476,0.0983491920843705,207.548494143668,8.3699452169925,0.193568084915972,46875.5456637825,1002596812.2912,0.114437515389142,80651186.9109166,2.11222195643378,2160.97573142042,38867.47688654,5.49294089689055,2108.31283142626,0.151581234345628,2.93774618508799,0.583757569774757,789.370961024493,103.302350147802,11385384.7815905,1.34313304477304,31671429.189495
"CX3CR1",0.000578518532411111,0.00181861313655911,0.000128553450050208,0.165097766984425,4.52985129516282,1.65054567603926e-05,0.00139378944434976,0.00018927165075991,0.0100060013699914,0.0146980979145383,0.000691180913637129,9.34874870355002e-05,0.000758968590585087,0.0339402401939003,0.00743363938649583,0.0308522211957099,0.000832601272483074,0.201743258563924,0.00239828734735502,0.212175240004332,0.000814596978183274,0.00540015983136137,0.000416484572828278,0.00251226361333569,0.00206933708593113,0.00334488331856561,0.000139799133139618,0.000951105854517507,0.00545404116503263,0.00226955639803292,0.116676791114595,0,0.0500994410611,0.00315415814629512,0,0
"CD24",8.70364375849745,0.0127108466258143,0.00098599156289745,0.0580647507095009,2.39988337101855,0.000996273518820694,0.00153924966584104,0.00431916183416927,0.00156359479496628,0.00150886670010816,0.00490101316635603,0.0422667235059897,0.0957278213549459,38.5226145434065,0.00938503627978692,0.00321302641153146,0.00146640507213672,0.00290665268598795,0.00462418522748152,0.0178774720460662,0.00345205900965078,0.0189408879790194,1.71172563219222,0.00728957456308364,0.00177805099013592,0.0361072867402867,0.00621841380501507,0.00280789689917289,0.00739109268389474,9.33103089738906,0.000185912745376528,2.66908393978887,8.22760534738594,0.227689613834154,0.00543560934626802,2.05667843623034
"CR2",514.394631503247,54833.0431999686,201.746202359016,147350051.651329,8512818245866116,13.3470320459607,461.945715964158,2463.14744220621,23.7763292766795,47.2794781801407,1170.42879222579,46329441640288344,3976.03030507065,1181982989105.71,381611.056623071,1.45377218458666,38517.6918134053,0.438956644687344,253.971445065252,45013.7595369544,0.549978701731807,7.94680972625461,18923058195585016,844.533690963351,1.89571287613031,1.1745381538884,878.642163056524,8340.55332985484,4575150.44096516,205226181.425605,12.46947457435,21389574329246.5,67465.1020991454,5340.15640454794,0.474695411589297,72021801365.3002
"ITGAL",54.3264841476617,93.4729460605436,10.882604329724,22490.1459889535,545.202236016942,34.0979835295521,14.3495286956272,198.062521030848,32948.3398083319,6454769.06695844,1372.82555601609,5.19127185508256,981.574893979421,43.5966724684329,106899.744436612,508.363542775118,2464.05511567677,10118.9778136185,172.027663312588,1485762.30878769,190.358128020012,6431.45562602984,3972.40175859475,3.27184240344259,74833.6560018856,1144.70890421073,1651.72487853819,41445.0757396279,2.15706341224361,49.8143171095432,4746.40554569246,28.7158312870875,9970.52316955064,6631.68649904713,64.8990000066672,4.08250703929515
"CD79B",0.00214515214682825,0.00237436915866858,0.00326338571516387,0.00867970545281859,0.480941014216622,0.000558155181335781,0.0108777644426127,0.00134552273501688,0.0127478451828779,0.0103043335526228,0.00239605278381713,0.0222203095694158,0.00068001919599717,1.48992912952747,0.00758708919892056,0.00652687796852763,0.0015879440653864,0.000882615636336879,0.0112775376913255,0.00895442206870321,0.00101981580782367,0.00292999761654784,0.197438135585815,0.0791049782601167,0.0134057563405009,0.0505525314270381,0.00393722316852379,0.000319136351177894,0.00236349069471199,0.0464917024503104,0.0124309861775059,0.119667064324245,0.0112787716183683,0.00970544578551828,0,0.285776041750172
"CD244",0.0616631107029595,0.376102731798564,0.0132817322642085,210.73941948025,0.29316978408205,0.0467725093896526,0.0593132530840044,0.0384310286451744,4.28331196956421,23.8523654285336,0.105035528818702,0.0129975333188642,1.4882326642997,0.202314507822901,50.9449195335674,9.16255674338806,4.18285556058411,92.7173909959447,0.0742234990919707,52.0161933615697,0.140049904000848,5.60061025250946,0.898256565337105,0.104364246129835,19.1213313675033,54.6360497600418,1.64964499972,8.48033953829324,0.0791494936725011,0.00393132821300638,98.1847363781866,0.204529544236975,28.545982070773,2.14769375909869,89.4398362806633,0.0431426464513173
"SIGLEC1",0.00928128524294136,0.0103065697471365,0.00505488051562111,0.0212874252622423,0.073385253731289,0.00730653344051,0.00589648018668096,0.00959842826197267,0.0135866545957819,0.016948933466026,0.0165675045845488,0.00808210482945678,0.0207911103582045,718.035450561276,26.8980213582809,0.0110020656297535,0.00900703917978552,0.0150321089735646,0.0174764921217705,4.9390139677875,0.00609074890433565,0.0101588048431997,0.011230071158494,0.00270271134431427,15.5371168779047,0.0132074202331687,0.00868150402502729,0.0286614636649096,0.00848933710406744,0.0103377029003072,0.0148305678999508,0.00069194044680683,1.01476157438537,5.29021048050831,0.00704098793836834,0.0148685329196883
"ITGB7",4.4025885597605,53.0852823092362,0.493286857111399,9.09132645439906,383.751216900557,0.27487967508478,1.05950708264026,24.988976733219,60.9903643475852,41.7054042557737,8737.29532203514,9.60941039712275,10.7570295397137,6.77146495088538,14.8125099378532,16.9034053720354,1854.87452223275,146.433537597523,28.1255415879778,0.0329372598925236,3924.5059914535,63.7209216065852,14.045233258279,1.37096974631745,0.164265737208105,69.0885654537497,1713.11666578305,23027.4336538854,0.566755477054689,1.62666580935788,2.27552446031359,2.14327117913409,0.41698887693271,5791.67924024242,0.409794885552653,4.09859856739654
"TNFRSF13C",0.0446985118201774,0.422398914871451,0.0271194404674399,0.116214848770572,16530.4747026406,0.0218711065345231,0.084334250478696,0.0569495899861351,0.0364280973987034,0.0440274326973223,0.0439776722269839,13515.3461865607,0.0887253058481871,16237.9505891714,0.327831744126438,0.0167096902836761,0.0295771928714943,0.0195091487007453,0.0464467606463147,0.0378932554802564,0.0577215603926069,0.0538218997597401,3518.92708580878,0.12907824613068,0.093418195123639,0.0304734818412931,0.102059648323692,0.317707171203186,0.0571131080937423,5.51936226260317,0.010092494250872,63.7619251610809,0.523128392944851,0.568271385314781,0.0165191497171991,1057.89907917936
"GP1BB",0.0101996493648368,0.017191796399275,0.00453348444403177,0.020449564890911,0.0504775558302682,0.00547397131451555,0.00965329318112576,0.0109775897802266,0.0213619819158994,0.0287977107542568,0.0316448082293032,0.014612750837925,275.34887196114,0.106277473389389,0.290531337678626,0.00630762055948194,0.0178332512539527,0.015508529841038,0.0217740321871404,0.519599018655352,0.0254309541807265,0.249214965293707,0.240291488647708,0.00605921506435201,24.6192202784949,0.0225008271689494,0.0269965342253352,56.6104718787023,0.0157442708902854,0.0117380274415301,42.5786745860805,42.6179239191935,0.0863196985148302,0.832191507539685,0.027331021064537,0.0272187057840121
"ICAM1",3.2809904444032,3.60106752359148,0.162555050092048,6581.31228771333,38406.05004929,0.25302701113062,0.364666489133643,0.611231804036195,57.6992435234859,7316.53179653383,4.89184838326077,405.830469233656,114.850167383445,1853.58045893183,1432314991.52875,1.91081738144578,881.247711303537,38.06481089644,0.215319098202057,13878739.1528025,86.1473481735281,8.62312258310527,49784.4883724284,17.3055195286984,24630077.2423059,8599.40267014285,16.8158390169412,8.55238880545039,2.74946423402783,1.86370281630354,23.3990375937096,154.415433469007,11279.9707412836,7250487415.37039,107841.93622013,141.373491022676
"SELP",0.015860513557402,0.0485546305094688,0.00463633040814514,0.0278588190039635,0.0623696511422689,0.00653833355103313,0.00753985271224941,0.00678557785809287,0.0521833991517775,0.0241418845919033,0.0730950409166138,0.0151243317688703,686.916031827893,0.326981600378752,6.19643905456985,0.0088718880512053,0.019621103397459,0.0129236495794928,0.214423239017024,3.81047826246412,1.99660345723561,3.03448060083194,0.277352053535584,0.00439650504085836,219.988174980123,0.0586346305744451,0.0971017250065928,22.7558749603925,0.0184028159480478,0.010051326950901,296.582035625684,666.935683408366,0.379784285041425,10.2147828850946,0.0150441938483072,0.058535057848045
"IFNGR1",0.0718116053604893,47.4838114757075,0.0158350839248392,0.182801577485455,0.542627128186781,0.0224749331436846,0.0181664115173421,0.112864916687525,0.1494915508834,0.052009097983267,0.0785128274440873,0.154308596678831,0.040384897697877,0.254530594360594,997.484250370356,0.016878381163911,0.0442398080362154,0.0622557494910561,0.0245866366881066,567.73123915453,0.0259357961242239,0.174961886964349,11.2378339019484,2.49667054319459,4.11420616277492,0.0391137851607158,0.0608290307347004,0.0423420211308466,0.134841007213048,0.356536172607901,0.0277283105743126,0.0622483138023139,0.323927785891108,0.402837473528782,0.0513418149684308,0.702013242135453
"TCR-AB",140207.84526829,47.5599266066811,14.0484902291091,4.7433874424296,2.00253641970453,557.939440436392,12.266160229513,1329.75940415598,8524.23636838939,10.938574311332,119.214490733482,0.706802853277985,156.389345483917,3.17135713039964,29.1872986837318,0.0472662709880312,2.2429291346045,0.366900365945618,64.8521139633385,0.274319461339441,68.1334727502531,1.17134870743875,2.02634940287418,14.6413508362891,2.1120189184269,0.764023073549746,8.715249430603,18.2334899967386,0.104789469548312,196.914589513408,0.137537817216789,2.7652708919,2.45037382256262,0.335034642385666,4.64757644429118,0.139498146344138
"Rat-IgG1",0.0518624530926135,0.00490304736660874,0.0224690147534228,0.00685866686591856,0.699726576783995,0.00507541761329715,0.00859661972141616,0.00477879208396338,0.0114146353153754,0.0213967170927457,0.00415669471582231,0.0463231900280869,0.00881591646151503,0.0099188402439398,0.0584229858630365,0.0038596604607776,0.00730068878385446,0.00919641321054779,0.00927084486129544,0.0126720353737378,0.00544982347378537,0.00225867766362776,0.0147613188865813,0.0221865372354983,0.00542596633375849,0.022330878646774,0.715512159587155,0.00239633526978452,0.00631694218371602,0.197711529773626,0.0101833004416176,0.00338939183905675,0.00993674708974185,0.00322099447131741,0.00311797164918145,0
"Rat-IgG2a",0.00937619920396187,0.00716362556868729,0.0199171003389554,0.443314430603153,0.0843504870064976,0.00773373726076059,0.00767908766599758,0.0102376919280959,0.0049681739081705,0.00224812691279524,0.00477677220994552,27973605755.1862,0.00816198654281801,9722.14909784788,0.0124928227758982,0.00522798277358195,0.0107624444755023,0.00231438512456389,0.0040973012187147,0.00979639573055254,0.0070732383447318,0.00350810423758395,0.0044822849001247,0.0107490452394046,0.0297633327991786,0.00374524499526032,0.00178826428497226,0.00551505655080711,0.0101611624381463,0.0104072302667629,0.00852363340611246,0.0658664414092592,0.0048747238167186,0.0171218466353322,0.000796734458619868,0.000601629826288841
"Hamster-IgG",4.45037483816892,0.0113443318109052,3331.03247471188,0.009508565315353,5.59713590747864,0.0236729835112387,0.0622715329906483,0.0019855411852636,0.318002303771563,0.00691782045991592,0.00674787027438431,17055.9597671691,0.0102842521786301,3.73267168228548,51.3165221124871,0.168382841929988,0.00231019531144799,0.00479975194149754,0.00176869576689287,0.0234768223597599,0.00929629157474781,0.00492011426532343,0.0143403884102086,0.0255327511292617,0.00986445012346754,0.0283897826925563,0.00675767465508095,0.000929299577316559,0.00733577516059897,0.00805410239849015,0.0401292364130004,0.00718251836563834,0.0292951571600147,0.0249874436987027,0,0.000654766121365346
"IL2RB",0.0305198306817197,0.0672765266040507,0.0109246616666669,11.932021880433,0.0182716890559324,0.0158649235948601,0.0269755963590768,0.0153268431919214,0.0463164407059753,0.578924788599215,0.0459270468998139,0.00476226020524695,0.033228441262583,0.00671297994148011,0.12957126688665,0.311298032980425,0.0839334157355656,3.25108540130205,0.0285124628799029,0.0124373848917173,0.0325548938300483,0.0386581457209018,0.210896607787547,0.117358374412346,0.0240048520409294,1.15595700875759,0.0491322244620814,0.21004358000215,0.00548051059262745,0.0190454345367832,5.66249229607493,0.0153802948679732,0.355854415755503,0.020295653848832,0.00404311974686365,0.00983109779438861
"TNFRSF13B",0.0032276529285224,0.00031815088277838,9.15257738475661e-05,0.000349728880970489,0.115630727795069,0.000343703309762473,0.000111382352646209,0.000518867405355774,0.00011073547961276,0.000109658487455005,0.00179399513130629,0.00311347055363454,0.00261074253944574,0.00870599460503863,0.0209487868620384,0.000270660632440498,1.40715256913233e-05,0.000709291895952183,1.00953805276154e-05,0.00851831995162832,0.00104782567261038,0.000278821388818318,0.0186381058676181,0.000294610942514116,0.000992251111891349,0.00286168570963732,0.0034654783557798,0.000234502603578882,9.71452867427318e-05,0.000474725358169951,0.00114716629346025,0.00073317883731204,0,0.0206350688891537,0,0
"FCER1A",0.00559143618731366,0.187310984613702,0.0184932658268153,1.32748326925722,0.0373029411475288,0.00400951903457255,0.00858639028160249,0.00831305407584999,0.0437114459103453,1.47175331593027,0.00551293183684878,0.00434878711144204,0.0730237064614172,0.00850561895122457,56.8374144011732,0.00387309275784685,0.00513038573262526,0.00440133146939276,0.010757230825039,0.0105972474415965,0.00501040073059533,0.00726630319137634,0.0329355979069411,0.0204585769801502,6.16243295397759,0.00826461097656853,0.00226139851101887,0.00282950372379131,0.0526400980967499,0.00159340880086222,0.0455131395906265,0.226100396990691,0.435761677654698,32.0555096047234,0.00703867192911851,0.00270422316746525
"ITGA2B",0.0111250078651629,0.0123851007749574,0.00297524994675833,0.0176604913497619,0.0597433270118821,0.00360316288668282,0.00436627161653198,0.00515282955445119,0.0393080395246193,0.0068280496272214,0.0197456607634469,0.0103594119112048,74.3522674928977,0.0193732970360416,1.05974648382385,0.00588543333298448,0.0123931892177186,0.00975711737855179,0.00907082716684826,0.208841051339358,0.0217873424283502,0.629824841709732,0.076391769735275,0.00536390123141716,50.7210633250868,0.0134394525234604,0.0264647067056422,0.493582399786647,0.0385668499244313,0.0144411172288224,12.8773324862696,60.7208982153514,0.104243365160108,2.08637205292597,0.00958597094297251,0.0203087141477303
"TNFRSF9",0.0491481759586932,0.111374497176402,0.00421548638106251,0.00777916220029816,0.032926835407939,0.0106572754916423,0.00678131303773475,0.512045860129579,0.00608260392753347,0.00474399542413557,0.0655906168599057,0.00412952573942976,0.0776680740499879,0.00927523160190907,0.015488036213347,0.000560586102906225,0.0418814441630821,0.00308506154527065,0.0210460444602577,0.00344486385164674,1.37751668164361,0.0100969423562367,0.0972886224751877,0.00132118932888333,0.00924042543181131,0.0574635267779115,0.0761882591605604,0.0580378963045009,3.12965610780078e-05,0.0514938854777707,0.0785361027106926,0.0181522372231782,0.00399019148084416,0.395278702173665,0.0262344441678716,0
"CD163",0.0205118719158783,0.0313536825614169,0.0168287056300065,0.0553724688953198,0.0258104585997388,0.0173923283232158,0.0197766528765413,0.0323624454513222,0.0175356158494233,0.0318239630045453,0.02463034072732,0.0256427836784113,0.0253332336704881,0.0247296131826215,4898.15124784787,0.00931034992183151,0.0183790530395449,0.0264431144986685,0.0324872720296505,2.29772080014787,0.0285261410019645,0.0330582767648425,0.0230274011633053,0.033035599583031,227.826708872578,0.031288968074694,0.0162008459446035,0.0180533448950949,0.0574534970114848,0.0296263766706993,0.0980095068936554,0.0407627155678863,281.278785877194,0.0398873108438762,0.0122473382883602,0.046248645941549
"CD83",0.0004303694802007,0.00075763522568158,0.000271782563776332,0.00174271053605614,0.27873617205102,5.49093636447023e-05,0.000400370182038662,0.0011883582878397,5.3286024049205e-05,0.00126141587430703,0.000537248703504518,0.0771558059358174,0.00101551044181464,0.504925716300163,0.0985339157468087,0.000140412639651931,0.000117470208939055,0.000167994132262094,0,0.228244295604988,0.0384086099459119,0.00174343561457578,4.58829441825427,0,0.0275544450379161,0.00953209567483963,0.00114033743052792,0.000300074308557264,0.0011432523909513,0.00310092746517121,0.00299532387102238,0.0587222473136067,0.00434725242634391,75.2892310259935,0.0606661952395601,0.00395272289106625
"IL4R",0.396347636782877,0.0735594038418373,0.0142929274615325,0.0587484385724522,0.272353592187585,5381.8795082551,0.00343017123177158,0.0172082490030232,0.00105145324538591,0.00187648021729807,20.9467998163635,0.607894381126451,0.0076156372608042,3.03716072625138,0.0158944445037298,0.00796914366276444,0.00499177171828662,0.000805176191064978,0.00107495283260305,0.0137871125531673,0.00263633105738265,283.542731401862,0.0291605460328261,0.254171139042037,0.241949227206093,0.00148803210779887,0.00402619996320835,0.00333734252406458,0.000407740842641793,0.0925498562574995,0.00395489646221117,0.00231181604502972,0.000800755769349706,0.0381357657034655,0.0140731706537639,0
"ANPEP",0.246532846839469,0.636623629113377,0.0484881614738805,118.449107239808,0.301831444321205,0.104364953220069,0.0784577286189563,0.275997355820839,1.47114773011487,0.131827699462663,0.180721105064213,0.0795559272890904,0.176720830699842,0.187635699414705,126085011.258633,0.457842950711905,0.214484249053695,0.295804996288593,0.208544888455708,454483.301476001,0.272692920059857,0.100219037491017,1.00915299877715,0.201823608884213,1952761.04716386,0.568671056455002,0.281456010500206,269457.775158785,0.433263263115114,0.242525544412323,0.240283413618326,0.124989469492903,33.0189044790964,115551.402558996,8.62373417946991,0.0605101394029605
"CD2",271258.678406361,893846.574520349,18380.8838454904,2396.72072798802,541.105306900734,24660.4858287307,596448.277751513,70400977.0222086,16484.6305297481,7165.24480674604,393285.931632906,524.485046835296,2572541.41973431,951.083321679987,7589.94746166313,1120.61519765027,56871.4821632778,244.505442321749,2087639.30659231,23.4646450855093,84592.6323507256,19002.8977116828,221.295075521145,4143.5045344249,178.78047868515,1082.21490757233,125141.458598981,1065834.54692595,2.03595670319539,41213.5737064335,6796.66178185882,269.239813490384,495.181420928786,2296.44597534327,1171.74110845396,88.6633156569157
"CD226",0.0278674535612601,0.0723300320160568,0.00139982840460587,0.0376915568286561,0.00331800224925518,0.00341426098040164,0.00619684549687867,0.0389012391078581,0.0128737340728221,0.00755141602871467,0.0658198906925361,0.000468350923948817,1.33192557529369,0.00205878067584307,0.0649519491211772,0.00168935862248526,0.00339042015369663,0.0445970737373532,0.00810959856432265,0.0966273893520798,0.00263458737688501,0.0725948156431627,0.0128089643372385,0.000291119253913107,2.63085488583673,0.0135538657628564,0.0408831306796185,0.0519354491323437,0.000523730111022838,0.082144047792153,1.95498324403556,0.831894458007783,0.0265107662655101,0.159672442248711,0.000202178024217065,0.00273193173327131
"ITGB1",0.167252554849218,0.213510697664746,0.0189077746518917,6.35761445959033,0.205114851276863,0.0557292146142383,0.0237866556305723,0.334826693434982,2.3790472636597,1.93244337190078,9.31356394700848,0.0246244866239822,12.2401090600843,0.33401651108211,56.9340785300254,0.68677998618576,1.16566672871377,3.2904788652734,0.189436825784334,9.81313404643564,6.04656745785422,2.23426530586405,0.419309972994504,0.0275948830998442,33.3074590538708,9.02009581655822,13.6226087399622,12.0992091357514,0.028404029718653,0.292750782535449,11.3422189202458,4.36465473858956,0.780528386001051,20.0784357493813,30.6385500888493,0.385386372442544
"CLEC4C",1.34081426986211,1.02826887741651,0.0159294254475263,0.024311587471417,34.4934699198815,0.0119674407992216,0.101833052343806,0.197195688111225,0.0179544065178152,0.0155826831750679,0.0169310919138557,0.0430643875758894,0.376945842342814,0.0529879563046065,1.22542913873834,0.0138818227706043,0.0207578889699378,0.0153561511751095,0.0192167237673583,0.0225954618956608,0.0154291304784559,0.011459939009983,9.85888335790098,0.0157606753691159,28.3534074289196,0.0324832660213952,0.0320407587433296,0.0309155818635511,0.0154167193723946,0.057560337319464,0.0436751361842643,0.0893761478624082,0.103727377659258,45743.3564335578,0.0380828423631644,0.129624105627229
"ITGA2",0.00480112310499699,0.00531700657138998,0.00257799024766168,0.0118674787254567,0.0166928752954812,0.00140989793050588,0.00281868529856278,0.00163809054319032,0.0111730688691757,0.0111288195923932,0.05408621637937,0.00707701880086312,38.522263445321,0.00759225272059767,0.547203361807568,0.00466240945868754,0.009034592361286,0.00644259908760848,0.0098832899651914,0.458033102878565,0.0158010620456193,0.3781504595799,0.291451556505285,0.00342229527050419,42.7581809324819,0.00837822654059214,0.0204545259646578,1.08103855272511,0.0139239908116386,0.00820854047489649,16.5988232432403,28.7079736592831,0.0878193289324997,1.02724697907147,0.0240892193135301,0.0765197367914171
"CD81",1.35100087787875,0.661992081755028,0.172912214043972,1.52482417984388,194.391818280033,0.367802700004595,0.169083762731139,2.591319202175,1.40559511569618,1.3593921615442,0.800158823456171,0.200691066037582,1.16529709077788,23192.5744818113,16.9576273457983,0.190587312923014,0.995630072120082,0.721822755396036,0.502254209550654,25.9384095197025,0.345721852091799,1.40031311315647,2.03384329450114,0.0661405003794197,1.85093051038712,0.573343706046053,0.508237201000058,2.63870068852562,0.0271941429908147,18.3933304247525,0.797800295489371,2.16488307051391,2.18513146308213,0.295971018885567,1.20989746331142,3.94787437111473
"IGHD",0.281556519026715,0.136526060768958,1.83732103697948,2690.70293866241,556836694332216,0.175082170110158,0.0747325007510917,0.190395900217956,2250.93554194364,0.0903610908542101,15.5908998144532,64999192166.0781,1.04490291805362,3720311188040.78,598.80203796718,0.102181890594391,0.0614052940738684,0.261256960760514,0.914075783101384,34.5283408270311,0.362876809113337,0.0656185987231741,16497317340.1475,0.126335216952731,0.19668460016762,0.937315421905455,0.553922316007973,0.274692624890631,23.1048642330528,35348194.470715,0.129282789814288,8087685990.30093,2754297.92701527,0.116569624971226,15.8395716031919,53043496.3869243
"ITGB2",265.565109019141,651.209953153694,25.2586196027056,1280007.55826623,633.700774301712,171.93175722127,47.7444356266823,1016.02522010434,1945374.2471776,257393.855367869,4085832.17321316,217.944102112638,7172.12946853991,12.429074952089,263606284.778236,6155.22727744135,571676.389001851,255858.890692871,1191.67327077516,19949220148.543,19548.2117419901,109399.179558413,21607.6422671395,11.7623036499515,2127996.82625138,291448.339485794,3411410.9697728,487689.044480636,8.3894328125764,628.38143227456,188140.571307233,44.2095693442055,25118.4755408693,62318915.528326,8592.38388635411,6.18882153131031
"CD28",246.431159846507,48.1899095019686,13.6642125144026,3.19591891066749,1.51585615152955,34.1812158920404,4.51584328681431,483.156963973915,2.38517855998962,0.929782120207202,16051.7743095705,0.202086657138638,1438.99047736429,5.35715528885512,9.28217648773962,0.0231918834069719,167.78565768141,0.0553039765805988,19.7113140555103,0.175196317232606,7980.56203172414,132.599760177406,2.47285910468722,3.64673340240985,0.416251717547113,0.0223041937914683,160.021339748903,627.130018742228,0.144504645482996,256.106825382045,0.160244371275002,2.56546594209524,0.415645315830121,0.416006928441364,14.8340322957354,0
"CD38",58.1826997447957,663.70668990675,17.9913727641528,376.262105829821,159.124609886197,16.9709499916941,3.07422660435664,185.560330754062,6.21741438955817,113.412341513003,53.7247465258168,9.47258393561026,24.9106594815207,1696.03619749491,12.2042245016864,9.95661552307458,28.5610529285186,158.828453168574,18.4610823663804,4.2007568954881,25.4454220227855,6.57750720844135,157.534186676456,1.53118274688013,8.68524340747601,31.6349546890546,7.03423504938275,264.202568439617,0.402895431825611,98.1349494716231,92.6106208361169,189.699294933431,121.359852276121,19595.6481900471,6.88347454283086,84.2838384943239
"IL7R",8.0652911967423,9.98043274380179,0.280236069156468,0.122329951722531,1.9913602537642,0.430263186723608,0.442308469907697,13.0438314131742,0.179705672390082,0.0815136070401161,12.7803347452692,0.0107528168299784,2.93353379490675,0.0611708260434195,2.63121480658883,0.00423118666857527,3.83418955511235,0.00456116050223963,4.79252313182615,89.1328470733042,0.415817301427815,2.71965308799728,0.0581853011295608,0.270713950265042,0.182302205773899,0.0160416000534607,7.10605148076906,0.975029158462771,0.0330403747809693,4.39387597743201,0.0386373822550124,0.0530929761182955,0.16193830290349,3.58753810618295,0.0636302756584912,0.00411491506804851
"CD45",1199.201380461,2329.72701301938,94.4538226397384,383.675170368993,429.631517403542,542.927177711255,315.606560684163,2804.30828000259,392.94294541937,147.811114500829,1577.14044805152,54.9923566465341,488.810282538847,104.723603765617,7454.85125995353,7.83392911619808,1730.59857993352,81.6915131436298,573.40993246421,40130.0282590739,1399.56248031766,606.534054542897,228.685753859874,13.8866851212561,2071.50112023028,50.6953886138867,2397.0290555591,1935.30781149784,0.750047079248691,1210.13439713339,118.229760660402,62.6055779650815,96.2232090252041,177.174048047511,52.0109151621668,26.8690763462096
"CD22",245.659687975018,0.648403721230798,1.03641813397636,13638.9927639438,13588631400689403904,0.873524937122232,219405814.636395,0.896630306559632,4.99805819431668,659.496736867543,2.56995533585148,210188679966135424,16.9744329704429,712841935.380488,11221.3101891414,0.172639795829063,0.453010674068241,0.525186728844858,0.28430074044693,77.7460361537333,0.328697894864236,0.318600952108129,4576900407900.99,127.078394057275,150.476848756159,0.346666246258648,0.181238511370011,0.218796466464589,42.8279003400038,568910402.311869,3.61126560446714,1067092941.73981,53.6279999814231,135371479.875493,13307.0127379089,279936488385.67
"TFRC",5439.56053065007,10018.9111969234,0.0319181393833682,15433.2428523488,2361.49846438158,0.0333253148797689,0.023523259802881,0.939277282848265,0.136983840986122,2.58083824396224,1811.32009324106,56521.0050013324,29.1289743267932,41.6891970610112,353.680567397541,0.00851475908880634,11.5233369306988,0.511026505568809,0.187392797065067,33.3346553640027,1478.73090869597,0.285296228693408,11359.7804056533,0.0681282191511431,17.0261629081549,171.762691769202,929.695533665896,221.999130552672,0.258396712209856,267672.141482927,0.164641160863101,2.39106994746537,0.0775087772817705,6221.75143206953,17837031.2513391,2184.14726144712
"DPP4",128.455466337312,30.60773086103,21.2161185843555,1.18264883852333,0.810947983700776,79.6763036679439,6.36385766598023,220.487320425462,0.41526498399263,1.04058457943929,1343.33375820538,0.17079463436587,131.452211182161,122.713334433442,6.52053074813129,0.0208018114701855,1.1971536823576,0.0464707861458512,25.3381641815743,0.130966794816247,30.0319031295372,8103.72516384044,901.528750782946,2.73562574941025,2.76674069423522,9.86868220464223,2080.31727513615,5.0637974549896,0.191701515515513,75.8177617721404,1.40840697461747,0.963166263471007,3.40827932653819,64.8195054423895,0.455235777447027,0.0108359913751746
"CD36",0.0508331984173949,0.00703020233083239,0.00267017620032974,9.39729156990653,0.117601211665006,0.00285805070923117,0.00456845033715651,0.0039025489182769,0.0343336532938859,0.00863156672765134,0.0187854718478107,0.00686146551034679,4001.8546783191,0.0118061707056912,160.996931574249,0.00763650850717569,0.00589211220141548,0.00922467040980649,0.00894913117808405,1.61786987726946,0.0136808913838122,3.40274141458964,0.0832729313673966,0.0017460640246943,944.988470622629,0.0200821236599479,0.0259122083252308,2.36692870375854,0.0207523739274062,0.00832453906647444,198.66710192474,10231.0887426961,0.165050975210567,100.191216054016,0.112799349613581,0.0309512757574003
"KIR2DL1",0.0144480520478898,0.0686684635082256,0.0128836452777676,297.588909044397,0.744517886322767,0.00980113098696628,0.00514666013167461,0.0153872663897413,0.122529003266537,521.06926448344,0.00605190936688649,0.0349561213790784,0.0915262672866694,0.0080304349063424,510.111211069361,11.019022957913,56.5138503172646,230403.790022819,0.00374413971792249,4948.68240533411,0.00943664210672704,0.03833691322874,8.19932388193985,0.0149260184027108,52.1758228865692,6.38868631510008,0.300552597159112,0.0785762593818385,0.031210689479863,0.0271758604101956,441.43946448413,0.00248605681032893,26.9775839417469,1.56215316368494,0.119423419091988,0.00241118516766515
"ITGA1",5.60345129794629,146.288398761354,0.281765695624332,1171.09036582809,2.55318332108227,0.166829634210003,0.40827764543677,8.98855126669941,116235.350200376,4718.15815946148,14332396.5541271,0.198302213921647,42154236.3886038,3.09576043523439,149745.047586161,93303.3376484597,114.342182442734,6.33508079769178,29.4899880522294,154.633998107618,34.7283228447592,22921.6302149309,591558.273988935,0.271059986787709,58639950.8794,1645402.44284812,19265825500.6449,4895952.99395434,0.112188364709696,1.65603702071682,98.0341851590136,0.0396687965907196,6.44791663855363,18268.8621349851,0.0490230951331619,0.0275317009594548
"ITGA4",26.3619100109973,78.1062014024884,7.00724996257296,301.478564584339,1740.97324277063,4.15708598478199,6.64078905272852,68.0184747854187,929.625729327924,1061.48290979089,17439.8579936328,66.3199598613688,197.18898117687,482.913686624599,463.145264688239,26.0342785382587,395.817750858886,179.957195427345,1264.04115233939,5099.09674099761,2399.35594587158,1088.96267557405,477.786682622598,5.22223264031287,810.02169272308,1372.49925768618,4575.09017785036,6073.2415320222,1.0376850170528,41.2032235995041,134.689369445,52.0213226176349,161.417270069612,7357.03963746334,99.6449112400416,83.4985164159284
"NT5E",0.993183446664948,2208.12529462329,0.0858012828478581,0.191280198536507,122.470697087582,0.0740622691456053,1.94000566865828,1.6118338576349,2.1872032127131,0.770941362415868,129.655797259968,33117.7504471981,15.157466381523,2.72873193067367,374.934101530173,0.0163505373597967,1841.66051131302,0.0286404390298676,2.87292806121091,0.158747706345926,0.907249728160926,0.255096640265524,172.945807316187,0.0838064171191262,20.6230500161153,0.0889734051004067,968.389459305486,4.86637793888573,0.050188845984208,4.0153296333636,0.40481229938907,16.352002045932,0.955972540203072,0.186075623512196,0.154957765760894,13.1847205620982
"TCR-vA7.2",554372733.427768,11029185.0545151,141.809840375972,64434223.9612105,0.103234588986324,950296.238252176,946319.158533306,635029311.293095,410.527900329515,6.40510923330268,2999698.8188429,0.0750500171117329,927289.953641501,0.0807678842309204,0.168879103750996,0.0315308039883566,685.304497096613,8.43573122857089,2794057.78324126,0.170151588034776,195434.545028634,45003.0296743351,88535479.3070542,0.0870477565762805,0.149582767235888,0.516411227439939,657.384562293264,84377.211202092,0.03734386650081,25.6033261038341,0.246985788688967,52.4501329162533,0.186292130281953,0.0690853458810029,0.195649262266784,0.0240262129005311
"TCR-vD2",52997736.0453798,788.792529233521,0.172709377509023,4592876.80030776,27460396.8592254,1063826.71416586,0.0424380788183596,4352286.16334944,126893796.07227,748349263440.803,329019991268068,87.8688025939224,37666477.7044301,401042.993177254,2224.78430445221,0.247558839821022,1366991.88333129,54.3045461716282,191191.123981805,1450268.86082241,0.040806599706803,9970796996898007040,521.542046273761,0.168186511788584,4.37059559457761,0.0496393072651765,2116888260624020,462723.397486243,0.112594453473614,0.0324589272650321,225.131355701212,0.0316176961835774,37877.6063860561,0.301116126871369,0.0237159536596957,0.0605364997889029
"OLR1",0.0316514803254665,0.172906199690233,0.00650419205432212,17.9037861273012,0.0208516765901844,0.011386744174059,0.0061234552315346,0.0341760393019166,0.0426686223453011,0.00968950708408893,0.0167026953311281,0.00765049131892984,0.0485992204046882,0.00940094588813574,19937955.8536512,158.909640046154,9.56250277721635,0.0211140751224131,0.00693804744897115,166607.883115903,0.0216970139939106,0.00823446139080255,1.88218790690569,0.00866031749482984,199146.005062001,0.0146042697002605,0.0118710751530094,0.00867086950731288,4166.24473578213,0.0464458190185071,0.0162257956554871,0.0369445722600883,1.08554917989761,0.000740893247748045,0.0248556855854226,0.0196935075232398
"KIR2DL3",0.054676554575078,0.0844906646484363,0.0119524391275807,2937.13326975099,0.294903797446461,0.0124233561997552,0.0171397315115348,0.21324804303102,1.40416207207262,6340.96444907551,0.0423361810770018,8.55776658722601,0.078485747417486,0.0609628540702674,0.744718091349133,283.475657772789,92.4377310979834,226775.865910312,0.0105383261773487,0.0432867136209961,0.0165549192327267,0.1383734176334,0.420679934563703,0.07271017387403,0.0555054179641145,331.663934080587,6.64361675241216,0.196766332147335,0.0415806372075727,0.029474641976205,1134.64199975024,0.00649186266064155,39.1319174170886,0.0223854697832337,0.004665136714764,7.54809071945058e-05
"KIR3DL1",8957.37903693162,6.994668145263,0.729577300488637,39323659213.1106,342.422188521647,0.0563819177628915,0.156342634921399,0.0969131393337526,2538464638.00815,998128142.60003,8.46976747329445,12.9825270056785,34081.8337218118,27.6053008099582,2520.73331521945,54335966.8150115,549486689.754863,292860771064.995,694.680562363817,80282.0061798275,0.377557901433065,185786947.895467,0.197074796826982,0.0902270571266387,0.245930597970302,96735112.158941,1135.37034934368,1342357452.89991,18.1536217054905,0.0842516536602017,688334226.689664,0.678143410443514,55080502.6914167,0.109117159644963,0.0555236168511245,0.0139630549385098
"SLAMF7",0.0049507684862357,0.0518999716851542,0.00275193104504859,0.209358810730982,0.221118466465483,0.00333852126304303,0.00136848312118144,0.00816552892550641,0.0178241674750248,0.0358649196750412,0.0495206394488619,0.0978065131315972,0.0105702879579345,0.628529467821008,97.2765604730993,0.0140556452399247,5.87401346032449,0.0923941045643484,0.00439070850645568,54.8474542761206,0.0031670473231738,0.030172068792647,3.42416028249301,0.0122955116959609,6.33798974638924,0.060792904325264,0.0272289124185857,0.126261099015218,0.0147868271698111,0.011082998856611,0.0863009862646156,0.0169933494724614,0.04131311121115,36.4531957684918,0.0013015383910622,0
"CD99",22.5182315350818,104.522855735648,1.59417908378742,9585.66497049123,820.433213073276,2.12985096413005,1.62915452521488,181.683191934948,53148.8692924289,5786.65864424666,5580875.71750234,1.26962465194144,16139.8448680977,74032851.5525073,13385.8678258684,107.219100301494,305741372.426964,7253.7222098138,135.102283814715,35.0709378886215,200999.786481819,22776.8623659743,21026.1838606974,13.3043407754475,108107.144262586,3278.61447142584,277596.395020818,1821032.04886526,4.64389772641494,43.2213807010142,1504.60668777388,8.91252946410468,1175.72681612589,50632317.9343751,258715318.413788,1.01305299692942
"CLEC12A",5.73713860170947,197.971520141258,0.256614641786774,25091.6356751265,1700329.89786233,0.406560261254666,6.98882920233561,0.56896663037141,47510.0612660541,20941.3417559596,39.8437876172865,0.759494851442546,59544.6956208602,712.826932212975,1832005722611805184,571.483237642482,270.218948710919,28590.6864594177,4.18885776651804,28366108921077510144,108.237382307481,5.52336428008072,158362.11066095,0.86182861417454,990199739223638,47.1091800029167,2.31691181096033,218.529946318609,5955.90908219912,0.664518464057003,7842.92520857721,1.74101334031506,218300587.400715,82054525.2543424,2331643461476532,82.0870665480864
"SLAMF6",1.80338517644699,4.03772497585414,0.238968501499058,7.64673388457671,65.2409550111587,0.431646059855181,0.786910259751782,3.71141134168975,2.21304226627285,2.92186597026011,6.81685605185903,9.90919173727586,3.28161178958126,14.6528222036903,0.540780202878685,0.400121176275541,4.3639451341062,2.9705319115523,0.820351490794019,0.117227358515557,2.95860089103833,10.6250954174131,11.8153582307532,0.205752315959045,0.219882836598082,1.68701405202775,3.70759990451094,12.0572503469038,0.03268840464304,9.62205292298528,3.19933787233036,7.48665260091602,1.90184071906898,0.424863617677993,1.04666585420107,8.37743133141616
"KLRD1",1.50602122722618,2.15186705889603,0.261164265911178,155472.686995416,43.4541917156977,489.82338490321,0.492844589963394,0.0335103528609074,8706.91575187646,53736.1653631841,0.272402924142047,0.199546626881577,198.97080669988,0.33474225102937,100.009322598093,1998.70233467969,1386.38777911654,9592.14463144684,20.0440443102806,1.16772839201071,0.352294086719572,35542.2971001306,484.612889622404,3.58360797987064,0.667040711271591,54717.8717089903,879.92945034034,196.773329931928,1.09611497387716,83.5103503116338,4973534.78713211,3.47946961780418,7290.11622519519,0.668512527236109,0.00299066326397012,0.202766377375186
"IGKC",0.00891553035552814,0.00719592933966493,0.00235033161887355,35.5354668465965,73.175535536139,0.00885609346280613,0.0779570244121886,0.0198301424449321,0.0174289002428701,0.0204495192752975,0.0194541497448407,6.95589733344194,0.256860459821972,113.646099678737,18.5055018163463,0.0269916273653417,0.0235398524924086,0.471823680823646,0.0172445949167062,29.7571929173013,0.00416341293732056,0.987461480950853,22.3613258160969,0.00313805746766744,2.54344442168403,0.0196868263841863,0.0408432451199653,0.369264324718791,0.019894847352637,3.74399047388117,0.0259820782428371,8.46123239694779,139828.004862306,0.172927329510622,0.00141495469888107,7.35222604670852
"LILRB1",0.0160532684428449,0.00881271141402971,0.000535359400088612,0.00710763019017994,0.156185947205045,0.00113612414354856,0.000678070764227631,0.002633365532167,0.0010393000911443,0.00426654675597383,0.00243840524828071,0.0479670404129737,0.182904877058712,0.0534210894429994,3.77544999308205,0.000917109145746962,0.00440330262592824,0.0101639552268028,0.00112869051410737,23.2475456492873,0.00189685841433435,0.00463510685104602,0.151769266426976,54.7701885189642,0.813111325474408,0.00221723757592661,0.0036590489303229,0.0026420198240025,0.00482725654217523,0.00180214418057349,0.0150503255259915,0.0141349772680399,0.0192784484910392,0.389244216022404,0.019053305991759,0.0375437349505811
"FCER2",0.00342215843839582,0.00370347201635265,0.00146074380179455,0.0079541711920931,0.0634827499884088,0.00144351041422947,0.00285105981809464,0.00585726549690376,0.000114460385223459,2.99326008333016e-05,0.00303609079794653,0.0351682989223108,0.00447604363406794,0.0389301103195066,2.10456393817795,0.00125390508150112,0.00216613460961755,0.00159982784675558,1.41627383054053e-05,0.459503446191581,0.00158066143133296,0.00419069822179338,2.80560951961673,0.00555735368450846,1.70550127360136,0.00284439076011434,0.0017425530893971,0.0011038670059704,0.00138526108331197,0.0110128270878128,0.0124269387956248,0.00209379964447653,0,0.00231171076075181,0,0
"Human-Ig",0.0179908363086134,0.0100999556120618,0.00363049301877328,0.663319575683276,5159.11433829513,0.0062588505800312,0.0920113083122514,0.0337270243531068,0.0089435544339,0.0115361915390619,0.0206473911667837,25.0120874213085,0.113297601103509,2796.98103000263,7.71716721805497,0.00819104570723129,0.0118330030757116,0.102696311858563,0.00862333184521081,26.3659436077783,0.0170879164804265,0.391381047168779,273.158621855465,0.00802039807134341,3.13497504046385,0.00797726194314084,0.029593254832029,0.415467931186588,0.0113184955710607,3.2587742361894,0.0428536425784452,358.635737370617,38146.7477846924,0.114377504078141,0.239853705279014,8.27191900186738
"SIGLEC7",8397.60428961115,50154.8543179031,0.386618545539133,1909537751980.99,445495151264.508,995.92322615453,0.524475637872131,11.1533910312296,46252.875456208,20030152.9675212,59524.8805958887,0.735109236950673,18682.3994967477,47.7750611428637,38331638459590.5,1610001.64521727,0.499695553995783,1450465619396.64,1.30602810324286,14702253375068.5,19.0650380527064,2965.38745770097,54310.8814061528,0.535850959700495,129042909050.384,438621283.268617,51.8756069781153,3.43661787152314,8.02090474698608,0.595946081296856,113736196.487125,92.5095494437725,472298911.897959,1342527.53619437,2.66322962903674,720.174908240541
"ADGRG1",0.131939040726178,0.866230216990713,0.0975545683666971,248300.855041888,795799.360601007,0.181533286021527,0.399709897483275,1.32396942842651,540.673186208688,32747.8220688609,6.02833231552471,0.0707171100163826,32.2057033264993,0.163732811955277,18.278254964254,3168.85209826994,0.446131402281071,2009752.20691312,0.221771145589429,1036.27400347214,0.135397338174279,23.7401028519899,0.110690820580226,0.158467018943613,2.22282532372237,5690.30626185678,2.99297116717735,309.670693920106,0.158893824482109,0.0678135671533632,47016.7646707856,0.319472315563155,889.200402315853,0.145591696744128,5710.27913793364,0.0298403104353429
"HLA-E",0.230921984888584,0.332289679424291,0.029835845795202,0.10589137221669,0.273539443064723,0.0464462724450851,0.0571314285701132,0.732589995610323,0.0156278902885977,0.0267873748427762,0.22354280504103,0.0481861201138649,0.125070411868637,0.154890853578903,6.66507443446019,0.0159179216928422,0.0984968826087024,0.07330538939889,0.0191801698148225,2.99559312532384,0.137944982916906,0.117949790368444,0.301493820608501,0.0400817204582326,0.378529618288111,0.0144860493412969,0.152175196009173,0.163887648669083,0.00597999924262334,0.713114180097903,0.0417117367597024,0.0446222084729664,0.0548762811463025,1.48527317132304,0.0690023251541697,0
"CD82",0.0375778991433925,0.00177568739798768,0.00584241232217182,0.0609452734930868,0.941357280835264,0.012184787288796,0.000565701884851085,0.0823836655119884,0.00355443408209915,0.00834315773101848,0.438123133476936,0.0677043342003121,0.0394528985150416,1.37487892003167,1.43418507570197,0.00319297899806094,0.0151122890616096,0.00583516711036783,0.00731272954063734,0.0567050932691418,0.0471892455927218,0.0267167312369509,2.1335124576699,0.00340696187160088,0.254531663784276,0.122188904928203,0.0759214178825677,0.059538967307568,0.00414404266903969,0.157564251114587,0.0291765457262533,0.309052432505919,0.0625152495348346,1.25870104412165,29.4058571028949,0.00377722276719897
"CD101",2.23997653062394,113.662118653912,0.147087545058929,2.29087594641845,0.237006750895137,0.56346734433763,4.22282477453369,9.19940370888547,78.0015279633244,37.5092630523612,390.907648331815,0.0224128830201441,5.68257843856544,0.22619483855024,5354.88006357152,0.196855698255894,31.8355061522056,1.51280016756442,29.0187004865781,2135.26066561316,1553.65053768308,8.19754844113608,0.0490464812466409,0.131624714048922,691.571871356743,60.9344193150716,577.237465930798,387.166404471379,0.185515816593151,5.80914347159239,0.275654169309531,0.153782273722368,38.5704642564079,286.648343668373,0.127184792275188,0.0271870739429658
"C5AR1",0.192418837463792,12.7059674235405,0.0069832803948239,0.857545824317757,863.91901905133,0.0944978872811853,0.0250773492492317,0.408952403902416,0.00812074776290939,0.0187025772055895,0.0322382116074299,0.0136409200563232,0.0266303448256258,861.420558437703,378.940037634789,0.0238886261329496,0.123404980039067,0.371585275520699,0.0128361032362129,517.848921058739,0.0530511651008808,0.0143377686950761,0.133980017054118,0.0177283854028512,22.1902429976505,0.0594085504846586,0.0565129644202872,0.0317231313958425,0.0223727740435062,0.0788767690557205,0.180772569946807,0.0390913021664794,5.94312486917013,0.141575390551777,0.265242733226248,0.00276183795682311
"GGT1",2.88803158227302,0.0921486414005468,0.067200211231298,0.133479348124941,2.52720671878783,0.0795032873025843,0.012214555094709,2.89870728443111,0.0120210773506341,0.0184810483933451,6.05061762377741,0.00563614452312951,0.529850159378566,0.289058983963008,3.71317178596048,6.42775978840158,0.0143710234849395,0.0548816985827869,0.230370050813891,0.470949624937948,0.772529781200233,0.244320615614548,0.0433981388608051,0.17935521858297,1.25947621604441,0.0437416711761372,1.10411385904883,0.152368233819872,0.0122428721789532,0.870054961677241,0.0369945790979867,0.00851640260402414,0.121082819898373,3.32447634916461,0.0544510010384266,0
