"","g0","g1","g2","g3","g4","g5","g6","g7","g8","g9","g10","g11","g12","g13","g14","g15","g16","g17","g18","g19","g20","g21","g22","g23","g24","g25","g26","g27","g28","g29","g30","g31","g32","g33"
"CD86",0.167863948136909,0.0344065321707202,0.0491418351215195,0.0495826580431617,1.28596251126784,0.166823005551958,0.129564884644338,43259.7048378272,3276.19020767991,0.0874380045905531,0.0606580791604301,13.3975513088038,0.115226409515019,0.0273078401522717,0.688384044233899,0.0391620092252835,10495286.510061,0.0628373568776248,4.13090375425054,28270.8346571297,0.0293370048235726,0.0168688617293979,0.0948303423621566,0.0253785766131893,11694.6445607375,0.0205558562778362,0.014540085824412,0.192043382149701,0.286721942482094,2294.25058952374,21623926619.1789,2.09172785788427,0.0308048122493044,3.26347187028149
"CD274",3.06678611740061e-05,0.000281654492271681,0.0255220970644,0.0398649992583575,0.000257069612297242,3.98833274112977e-05,0.000509998044721489,0.0100160800581828,0.250755335150789,0,0,0.00180848387239905,0.000169085874796748,0.000386058865198675,0.00363505414582536,0.00320597017719172,0.385535091006633,0,0.00192249623643247,0.159889366575356,0,0.000148001159583027,0,0.000428315767236789,0.0133671412597006,0.000177509291196233,0,0.00331632083672069,0,0.0236536455272819,0.277123397506499,0,0,0
"TNFRSF14",0.00324836818490232,7.86671467947532e-05,0.00115800711208712,0.000776939072373626,0.00538893024356093,0.000412780536537261,0.00206310606143779,0.00528354298898665,0.00211523605397947,0.000391190620974474,0.00171215804257328,0.00680113039301811,0.00152888546862623,9.315548457699e-05,0.00233244289217754,0,0.00577341971770732,0.0050326228688502,0.00284980689753572,0.0059513571707744,0.000219583233270492,0.00074702106322158,0.00130254192685235,0,0.00524440219810661,0.000260537820122487,0.000118681245474501,0.00259062369284436,0,0,0,0.0090122993711732,0.000157904483812118,0
"PVR",0.00540565187762236,0.00386795542820086,0.00464170187889889,0.0056245550364162,0.00395198091351148,0.00402873623513456,0.00384296247492584,0.00484139841857835,0.194228002793264,0.0050950478199025,0.00254733432418881,0.00970403683654051,0.00432905628688045,0.000580103636802603,0.0133891917722168,0.00176067538735991,0.0383344369003252,0.00275214505008181,0.00728201829023318,0.00568988451764011,0.00203182760289526,0.00613748993005916,0.00915210577034634,0.00500051523359918,0.00521392356364457,0.0174813320313688,0.00357309128118566,0.0262914658480116,0.0243819119141592,0.0190855650503072,0.220247689409011,0.0174261232582205,0.000926453429779791,0
"NECTIN2",0.000311361767480718,0.000154283013321004,0.000137279686254431,0.000111465834087845,0.00020823555517709,0.00036256125757263,0.000130098720219835,0.000102524235232391,0.00117858057199921,7.63803443399007e-05,0,8.69672823180311e-05,0,0,0.000208363136630573,0,0.00258920227205963,0,0,0,0.000182266629307612,0,0,0,0.000162369287088626,0,0.000484131281782009,0.00137220260045793,0,0,0.000263920851858252,5.66186677017593e-06,0,0
"CD47",26.8868555207393,1.93890973568598,7.84713855364526,7.38674596533266,155.120964008495,1.0776696095496,16.5236942320111,9.47829811583474,17.6823458778056,1.83336318598478,5.22889344332708,28.7979171169511,14.49253299003,1.65354001147327,32.4840321209315,0.114201778524732,15.0792760279186,6.4250804046891,4.61224009211184,13.8467724384902,9.7737258568637,3.1920282716605,3.09699097458297,2.85534012918498,21.8339686120887,2.03718223225767,0.593481855653445,20.5662582390614,22.1674287554937,3.55940088460003,6.58893827097572,49.802064494914,11.3820144099852,5.21320124430705
"CD48",234.96403442616,43.6100059412181,246.262298927586,85.3333157676004,265.260918103442,47.5293484843968,300.043288607357,149.861717893008,66.0739614572025,12.9411211718795,478.925261284989,261.666873856506,153.712750614199,62.7558277278944,99.1964285884106,2.23711286597564,61.6434060160871,279.736108493662,291.361847426166,155.104025520228,198.346823347815,326.034423662383,176.276549319671,176.368285538288,323.003517661668,17.1325108730899,23.8321557428627,205.103592584807,8.86917657003666,24.1899600958119,61.1430762363916,112.323111242593,95.212211102379,70.003786937707
"CD40",0.0571411263009387,0.012188092965079,0.0420821070875669,0.0174457538653135,243.342539694856,0.034888385062298,0.0518842437699242,132.362290442512,69.0119259493741,0.0227802771795667,0.0183505392169353,156.815226439916,0.012911100080095,0.0112528236849378,0.112986673086688,0.0223370863584615,49.2930479437751,0.0765262804324214,0.0394867811886594,128.017189418857,0.0162538297643968,0.0742517076165142,0.0303450871091066,0.0132727149291223,18.0510893424008,0.0141543538266681,1.87611111900729,3.34505200390643,1.52284470825245,0.300429511796768,4958.09507494585,115.723343210877,0.000719702114834375,0.0435038506370726
"CD40LG",0.00409248712068079,0.00358036218284524,0.000478605516698696,0.00110727179339057,0.00231074246437295,0.000142323273362634,0.00206399057333575,0.00249360698471404,0.0135503259757309,0.00255072237046303,0.00034705069614523,0.00630646017590075,0.00376772389197978,0.00221792608022907,0.000614900044820314,0.00407864482276547,0.025250799945184,0.00932126205910865,0.00186073855344424,0.00824566405223586,8.12294205555891e-05,0,0.0101141714916195,0,0.0127930293568245,0.0104185347779293,0,0.0523767954953274,0.00439969246958109,0.0183516352339239,0.14776350929641,0.0018853123919587,0,0
"CD52",5.6417121890887,0.430575894270401,2.79622363935349,1.23480061443345,3.11017387082042,0.378816882917064,6.24458780780844,3.98126537996668,0.487298260957051,0.0783966441520728,4.07709169602316,3.13673613324874,3.90857955497667,0.460018202082622,1.76788697587123,0.0112577009221122,0.594157119959558,0.466983957258291,1.62558055378725,1.81907912924572,1.52120199878057,1.84467051972427,1.46267207334782,0.863820784165858,8.5742227422048,0.475569112708053,0.101388980014857,23.5575854659498,0.109475574151509,0.18308604796929,2.44528612228861,2.01104935790325,2.3154152143692,3.29982207102499
"CD3D",2713.64111884327,119.624159645109,516.335069141899,755.860439257466,10.0827530096899,977.614543150777,706.718510514989,10.7650413885113,22.0441739952496,16.5872074010606,628.355636033751,49.0036801984291,634.059217437577,72.5306967039895,561.505476729737,2.95396280772505,1.91812499021745,1248.15150281837,671.839455630731,5.9568897501029,231.224703874991,267.558656571242,420.524837164107,110.694454986588,1.44447667005814,41.993557187226,0.241077635566363,720.084884555224,396.811029016005,42.3907322991103,2.61111998878609,5.54784641281507,763.525530840511,232.158072186651
"CD8A",35517.2234704718,676.770621140991,49894860976738.6,42.4966322302627,3026862.69544667,4393544827550.87,33562520.0256942,139982.868515265,24705018.038039,902758.385626054,7392953883271257,45458997.625535,915149623.476783,9016771134962.93,715774622978.813,10108.4699836773,27676.1563302692,4724531758.15958,42866257134562.9,35.8415862619225,3.0712863364268,1999900118899.6,45684843.4777484,2787677420273.43,16.6187737688187,32044.3613755671,116.598989261502,6372808819.32205,1975.67675416244,67263.5242611724,24.0491437599314,0.456689918590309,2219420186.83696,4214898.6040664
"NCAM1",0.0287341162835053,0.0239086070300068,0.0380476280297514,0.0399517831353382,0.0300743348318777,213.913108703005,0.147173339970667,0.0315445624669673,1.36892860940932,2139608.12615858,0.932787797911158,0.126293770432788,0.102551046323257,0.0114577267610155,1.94893592589841,0.0693435335840473,0.187815530157152,255.493178495072,0.0475800313648661,0.0497323907526827,0.0156870422091427,0.0748252697157386,0.0317826480816383,0.0992754129891795,0.0234747068387717,0.0430381021431857,0.0106924165955185,0.118635764881881,0.0255605317210739,98.5408450283093,3300.49633135406,0.0829020045300598,0.00769220232007505,0.0362596939613126
"CD19",0.742327522929205,0.0573055997737433,0.605331512162935,0.120502742128106,77079.4178349412,2.09758926265195,0.442628749142734,2324312.89345603,7.92935365453644,0.496022838102831,0.37634873931866,326664.453305404,0.0499911832115074,0.13315083994971,2.95388326202107,0.756416839970136,3.31169608533532,1.69694476149897,0.340231046297013,115690.996616276,0.06157245118766,0.693409654123553,0.859860761648126,0.0945584058773901,605027025.794233,0.494026483860683,768.299135763535,199.218876163915,0.583233088217227,310.970139094882,7.67016415999011,232932.634459182,0.0249346001038166,0.0325614724889473
"CD33",3.65665335167804,0.194628338847468,5.05829596443784,0.406892425342295,1.25354911119578,0.418984866134745,3.54841253035713,1.07608340407884,172745042197.055,876.889610099345,0.619148260132524,731.286338966732,4.03879905357162,0.100527368237617,649.609540225602,23.2170328180243,118622754.902737,410.507208315527,0.419395819851347,3.50181040551903,0.191234622886988,0.234909045095086,9.67833838115321,0.358648072677662,16.3820479964174,2.67390217458665,0.109449065162256,1.00145797921886,16.8585789830157,2707.32747065576,2920504848.34477,0.189100500304042,0.238261635810619,0.0932164327509658
"ITGAX",334.940192900352,3.53258982544533,42.7739245619312,63.5799091441014,482542.658042879,111568.882225793,0.848226793154037,1108400449804.82,3174401782714274,15711568934.7188,3989884.62756085,2186758457399.11,54.3845029425933,2.25815728853352,34989.9567492804,1.82710343215258,2438998253695102976,98.6990393467414,241.833291301548,158523081.394441,0.13669699444295,0.213848302396957,23.6333491805201,1.58435717302414,440916125419401,1.10946166341945,0.902473308720787,11.411335510876,410.503317376325,68315286262948.5,136592726352.538,52096375.5454739,0.0457937138318729,0
"HLA-A",8.56048817976997,0.657625231109236,9.45945553029667,1.22296537307795,142.751852641498,12.83126627677,23.559840155646,5458.68393532147,78.9771919981848,5.4600302045142,23.2686436456102,310.755952498047,11.5039388185072,1.34519126042833,20.0757995667282,0.102950734239751,116.432327777428,19.789697673033,16.0341833066727,366.758382742246,4.39909586818645,6.02499419999185,1.0585230570983,77.9293633003544,7555.85122670365,0.954757702961756,1.94578788535594,90.6337044458744,133.229326988701,3.99360342713951,12.6084838573593,299.736871755932,9.82372178489889,14.176213272093
"CD45RA",45.1961931741746,20.0646594708262,260.659651109017,21.8212404413413,658.092645841857,57.2990645894725,1.88024016072006,996.405151645143,3.2426421473638,85.9083757000003,61.8708672397989,581.338292315134,33.7216521322519,108.566379433651,43.0991507208427,2.85354548120384,176.168664858007,3.13028693838558,62.1667018306533,526.50737398745,48.8146000089206,370.954139160467,30.2702472785167,54.402290585738,209.822328450492,7.53101258692907,61.6931817099847,140.842364895726,156.910459781372,53.20934018583,1.36767638449515,325.514261007012,43.312316865511,17.7181994196963
"IL3RA",93.2330539542045,0.00586761046642784,0.118755353988699,0.0353099435635251,109.688916163574,0.0542932245459695,5.40157718217997,23.296867170573,1922.91340578628,0.0109826381415557,4.22473562167861,3.52358696909931,0.0116637597777194,0.00531851144521342,0.118096258321448,0.0130073630743146,49.1753641790761,0.025697875411775,0.0125455584955299,109.559528038749,4.11480355131517,0.0182170361973233,0.0209619022692821,0.0907176583947942,0.140973045082414,0.0150443980592552,0.0205738985929739,0.115975627284872,1765400.77075538,5.74744059307421,258886.504525032,0.226140806250823,0.00862858598590956,0
"CD7",7892801.99111263,388538.844966055,47196295.4999821,204752.474908789,18303.8969087155,1418764.65293585,2180723.70365008,53785.2426250267,8342.79740042696,178310210.451794,3560684015.28426,734.006529873544,5197544.02096374,776800.037578585,8127403.3638395,161.520720553192,129.705960327515,370598.290555929,9718723.20564631,18.2454031345082,505277.434490918,581890982.62444,504843.618467351,38676911.1810832,0.86298101044744,154015.489711939,102.312077655124,41049342.8505812,30823.7829641256,159350.946680957,42.1507105678978,55.3288670734176,397581.723821363,19713.8767167621
"ENG",0.0090611990275611,0.0136953636166515,0.0149302809570341,0.0133455104009891,0.965487607163996,0.0197789573613016,0.00503137652413089,0.0230360290485215,13.7158534906722,0.0187390566741167,0.00846391560629509,0.0156944581095608,0.0113231118448769,0.00595527801066078,0.0120616302746553,0.00185295320684019,0.0392321004209535,0.00248368671399247,0.0101837194474828,0.0209839755662438,0.0191669477978584,0.0335302542057087,0.0429721771229133,0.00762318514630865,0.0285226471564865,0.0417016711478369,0.0072359872162801,0.0110803759582941,0.0190199660926996,0.0345400535773012,0.037970183679903,0.019341925861665,0.00474563302926144,0.00865171172053145
"ITGA6",0.0860635301467937,0.0192884786103888,0.0169672648377763,0.0263639539530279,0.00515861563119592,0.0321451252986512,3.3548836034194,0.0128789308006374,5.28359724438737,0.0724510419228809,2.16794767704223,0.0120257117462809,0.213217204261353,0.00984991461530583,15.5411659210024,0.00967768625907503,3.6525734053028,0.57114358610639,0.375494709141114,0.0212570007303041,0.897342581697086,0.0202162117158597,0.0129694255991296,4.35596599374255,0.0127277722610491,0.0138162943463819,0.00182664223866775,0.0690005325120424,3.53236944376548,0.848382626227503,1.64922029866649,8.3237368563905,0.090948071958925,0.839244845562072
"CCR4",0.083158175460539,0.0327347854134654,0.0698791395762771,0.0327086951311411,0.0530170059688678,0.0589897470188376,64010.1493770877,0.0687105689241043,0.111704267847409,0.0690446332835596,0.352700978971673,0.0404147876215131,5.3618648117322,0.0372392610298096,9.22668031004551,0.0380644499714922,0.176358008774345,0.17394582273646,0.250237497360578,1.38215438341574,0.255428105782646,0.0306770176575228,0.317130317724912,80.8396255809079,0.0579308710747796,0.0451996492273079,0.0460893733958727,0.284188276284676,0.257796951318666,0.321607031859549,0.0451865787406448,1.31726022958192,0.0550358756698236,3.78114524814153
"CD4",2379.93959283629,156.301303463559,8.24507491262523,550.772085911601,7.72391554758035,5.36580402199102,5179.16437655591,2.5017584025047,44.8507304657695,7.06632963509222,12.559854296815,6.53745029657137,1361.4199990587,0.0920045140047931,811.575356265549,3.80405368502746,15.4665262277013,10.4242967892502,193.800030409716,4.55499295644507,866.602513487629,1.30061675912801,725.869074871578,59.9178795209416,1.28150850913017,87.4242977937842,0.0353161235964079,676.582837645572,196.282979157192,79.4769573606532,13.3115833610678,12.5381152863502,949.713809678738,383.702898377188
"CD44",11528.0770465375,322.764487243272,2904.86946691803,1137.74352644351,46666.0327316713,2012.64064071341,79562.7562729974,37588.5490240955,8569441.57426203,432.580707625917,4846.78323015775,36878.6150609688,12511.5621351896,203.181714059474,2294.34576060317,10.8858867277313,12362760.1012699,9060.14130352961,21267.3627720837,75955.9690190348,1211.66089806059,2376.10828925026,10336.2599093986,5578.91491785088,446.250640386733,57.7504901299852,381.880737807515,6996.94724524661,18975.1158921593,152697.062986271,713710.903514275,27847.3921842036,2214.88479719102,2010.3423512719
"CD14",0.01203884287041,0.0082181679271918,0.00868811377615446,0.0114003575031975,0.0110693558655324,0.00865465799362626,0.0103472098059869,0.00737662816178487,34.3426197460885,0.0142805433447596,0.0124120866222158,0.0114040424022598,0.011588187303609,0.00826251242162629,0.0718315029607802,0.0111866084236545,0.311673855050166,0.015244852506227,0.00732827225983707,0.0122145172284707,0.0178818810549364,0.0147155807120721,0.00487898832146728,0.0462070047017092,0.00423280914202778,0.0252845975267177,0.00681585013298907,0.0159217045598189,0.0120246724997221,0.204906380635012,0.0187458810908151,0.000813012996274078,0,0.0216724141142474
"FCGR3A",38.8986424235559,0.345896134262289,14.779720578206,2.47580999258559,0.566487728576214,2833.63059954831,3.34155148126096,0.305489347144288,81.9787549234888,12710693.0712799,1.92191407284323,24.7349465218669,0.0971531804691263,0.26445801840239,96108.32864361,0.96553497850838,512016119.161901,0.382832985552968,0.206407419925672,0.435876992208432,0.155880073682772,0.363919911172797,0.00362097373193476,0.106217541203295,0.0331661911756393,1.46946570071086,0.00321846788411054,15.0102604958591,0.963455877545505,89294320.4441613,6.87112589584194,0.0230898731522883,0.409271435099764,0.00802671872797829
"IL2RA",0.0675452419813935,0.0248935428636487,0.313708202287707,0.0176819595613339,0.0609336666446638,0.737648673550849,30466.0230069819,0.212619870032978,0.0735889087387938,0.0347334846967314,0.067359597796727,0.0585476836438938,0.258969376838894,0.0133133817244256,0.523946058805665,0.0201835953164737,0.0263718798808904,0.0264591964816887,0.152263089402427,0.041604210992424,68.5143799986555,0.00920180269991371,0.479404715025293,7.21250583186359,0.0558576202131355,0.123474964456371,0.00596910689685892,0.202483579373229,4.23154786961116,0.0473385286260671,13.9539771772567,0.134856550787599,0.14628857196265,11.7353092441654
"CD45RO",0.012997172822101,0.00465201671060019,0.0108740222668311,0.00613253980333977,0.0045892536820229,0.244278388783367,6.58751672826341,0.0445733296934914,0.137633736406824,0.0135408186199726,0.0830251123776562,0.011465598135231,0.243942803244391,0.00190225740290198,0.431481965939645,0.00257384998366617,0.0332452457254411,1.29013720489934,6.59520060377778,0.043058025155506,0.0180096042628232,0.0332052805491672,0.22607001171678,0.112210547596486,0,0.00162804008621759,0,0.0621374847192504,0.00144051283586845,0.012032334395818,0.0138132244006275,0.00262216669846938,0.000579099166245511,2.8917594309034
"PDCD1",0.000104594069165615,0,0,4.19135800622119e-06,0.000108124739560816,0.000736282733363907,0.0372919146599707,0.000796864698703904,1.42429375457206e-05,1.52696028863662e-05,0.0109971296127163,0,0.000298634810646872,0,0.00369399390032198,1.55056936176948e-05,0,0,0.00885813152914014,0,0,0,5.03948534451e-05,0,0.00383984292007123,0,0,0,0,0,0,0,0,0
"TIGIT",0.0928799101546617,0.000315101758133149,0.00105859899279123,0.000654871375138505,0.00508942574120111,0.110167780370276,0.293107541759695,0.00212854766747942,0.00497523170664632,0.0814515868350554,0.0133654342399317,0.00323586104533842,0.00560972710158595,0.000803299189939259,0.0806526032645726,0.000260921270308104,0.0168314088768962,0.00541641243215535,0.397337901788282,0.00109470953338418,0.0191918330259545,0.00177734037190775,0.00817486884218221,0.00441235972523451,0.000558924177153748,0,0,0.0653971916792526,0.00268889075318449,0.204013617472625,0.0152082832846971,0.0080432951232016,0,0.064900197655656
"Mouse-IgG1",0.00325811561235058,0.00294466011005998,0.00299630359227069,0.00338120236120304,0.0015509624678672,0.00155374691735329,0.0027596402447469,0.0032793874309531,0.0012566594867762,0.00192249568395667,0.00405002842065814,0.00352905077801645,0.003601024296441,0.00238492306365754,0.00353668450996775,0.00251932463749003,0.00249816384100129,0.00258450707078699,0.00284743434474751,0.00438908244038931,0.00252620781873948,0.00885495876180215,0.00266487226133963,0.00453395772794908,0.00685619180198726,0.0019765515176346,0.00480290832047481,0.00279171700674468,0.00409148375766501,0.00120957963697687,0,0.0099641176209873,0.0132620247051196,0.00238808025801823
"Mouse-IgG2a",0.00337445740029573,0.00364334485642311,0.00300411216151048,0.00203798580080901,0.00352190510092396,0.00250405820496756,0.00398926472372517,0.0080512423330723,0.00499976961996642,0.00312835066319411,0.00347957250135786,0.00798391902060123,0.00341668313581649,0.00403823633080708,0.00659021007071696,0.00327785660140367,0.00345092185595337,0.00252369395805975,0.00420634996610749,0.00746925374704548,0.000516525871858692,0.00397684578777843,0.00058865687297931,0.00849516764014406,0.00798450454727731,0.00326233552668006,0.00292039998708996,0.0030466429768127,0.000140958832651613,0.0543957140171656,0.000833983132275957,0.00500106653844905,0.00398093247059008,0
"Mouse-IgG2b",0.00435007044123563,0.00416701586822591,0.0052341933456033,0.00602467627944281,0.0102576283746836,0.00539449396023575,0.00433476618610317,0.00816962565896481,0.0462873967937936,0.00228284017066737,0.00316192560054251,0.0142923966647256,0.0090058006099449,0.00581040411826862,0.00472662114098004,1.05235786215299,0.00772407078401035,0.0031975727264017,0.00656563032637537,0.0067194479049586,0.00124026641623296,0.00277894726400552,0.00312629842511023,0.00225995690082133,0.0149574290400979,0.00250288308764109,0.515053933104651,0.000701503068401222,0.00535369884107703,0.0995110523534369,0,0.0029247069192772,0,0
"Rat-IgG2b",0.00372812707305998,0.0071146309659496,0.00546207509453651,0.00574352101637243,0.00354244377796359,0.00389939746931103,0.00859799183585488,0.00676484345676971,0.00764335595629263,0.00402545717571296,0.00653721827953136,0.00438807492325318,0.00485976205122687,0.00341558739698785,0.00372555557391368,0.00416767166240605,0.0054887816586846,0.00367445196065711,0.00395161259507313,0.00136861989642749,0.00145489312090682,0.00297812579161114,0.0013734350782355,0.00117671647573472,0.00438401091407561,0.00239778075826156,0.00382729697925371,0.00230143136135078,0.00242621499255313,0.00811234585355684,0.00223245349291699,0.01930009020996,0.00533368967196047,0.0224566153171048
"MS4A1",0.516763028274682,0.0180416638193335,0.442772295005943,0.0453498517250234,432.99580545812,2.13262406696056,0.482388005140466,4643.56916332171,0.74209073898334,0.450540875898403,0.482096178695576,2341.671226237,0.00661535947095836,0.334310381192671,0.106330709226027,0.0361230273940217,14.5057069156448,1.07043444617299,0.549316351419281,559.709086469249,0.348878865376695,0.94904264995036,0.0551858070359166,0.0130076956904342,40982.4307844928,0.0313104025104099,4.98353571785832,517.137082162638,0.346896989768035,0.422933600355817,0.33979760522856,153.124786954202,0.00115899161560688,0
"NCR1",0.0169795344003992,0.00580757239770464,0.0120016085757468,0.0117888005898343,0.0222402883001808,0.0214983582636685,0.016924051255628,0.0183230848748438,0.0196479270023106,44.1898049399439,0.0212020848746973,0.0173037785606419,0.00977247369658211,0.00858575013357395,0.576482727898275,0.00900456878086537,0.0114321298958766,0.00801241171100257,0.0264712096613468,0.0275430125736852,0.0283300191883382,0.00769672099376145,0.00648721010292616,0.0110888939102288,0.0111629366280197,0.0151050452831044,0.00231791339387903,0.0435580856580828,0.0617409812973072,21.9995192269448,0.0347575021794973,0.0205562187893691,0.00900946755726412,0
"PECAM1",13.6823543027632,0.837067926031604,36.4659270239593,3.67306705786991,9.33203304211523,2.22358510279341,0.448144232289235,10.6752773066537,1703.00385253754,0.582835199917244,17.6416491291942,9.86412500093925,3.86311124575604,6.31615526535338,78.8614838776658,0.085395711428458,80135.2213924225,3.21065540933872,21.7400687633274,3.49484920648287,2.21057921094086,9.25900068811022,0.81475474085954,3.86643873323066,4.98768664994834,0.865814311413919,0.0835997057530168,6.59027374444265,145.975444470809,4412.0778336536,68.7888223716524,80.3527052628132,8.34817862981255,10.2603447270085
"MCAM",0.0795720798542036,0.460111150827329,0.0710881800735564,0.0862974448821933,0.0852797121875493,0.130615484409049,271.852904163951,0.0381316928778414,0.0628645350187265,0.05363729104502,0.053250287929085,0.0655087664762117,35.8136091738898,16.7365572236995,3.63331152589804,0.0353473365415722,0.0642332559892089,0.0514921101395773,0.277519026273318,0.0547582891592385,24.8801849161515,0.0542543804309704,9.57411509770965,0.0760987628579276,0.0275886700272394,0.0489324158875948,0.0318278603401079,0.0797419424078718,0.0602444237141644,0.0370136666690905,0.0491922556683407,0.0431951224184554,0.0462647713395263,0.0431708678338343
"IGHM",0.0633205525777943,0.00238163885173094,0.0803114791404661,0.00962236148374167,3.36691176918428,0.0217842184863916,0.0930528997493795,72.8662270835518,1.2739290991137,0.566170843974464,0.0263387387559953,196.458503923667,0.00656365346506116,0.0213195362072234,0.0868205972305993,0.0422181059649492,1.99837816479851,0.112857796709662,0.00721205535896896,56.8276543272246,0.000920477391869898,0.0735307077335969,0.0634586639305536,0.0200703034198041,1.1486288356553,0.00432297905483708,0.805319157316273,5.56201707233293,0.0477591126009411,204.764663827078,0.126430711344659,23.9548046554769,0,0.00916074679482627
"CD5",15809.1927221422,931.599803409304,1807.91742907053,2773.51041792412,20.6966113111139,74.5482967686135,41609.191916308,45.5367303658104,55.3968817650991,22.4529627906999,516.615321133748,29.2892797622161,12108.8318070188,250.232835048322,3374.02440484374,26.9131300725064,5.28076788969036,50.6145941481798,2301.89999000803,26.2197203853172,1447.56279147116,1081.22359548572,5432.27596999533,545.645166710117,7.81786787860028,517.978024087883,2.37358004293274,2925.01975665589,2.08942009017747,200.372882826657,975.640474579974,41.8345628469447,4039.76830013811,674.006425740875
"CXCR3",0.00351788708026723,0.000127792047136633,0.0192540191114509,0.000335795088609074,0.0109706342111124,0.0105208261039029,0.0948830133219863,0.0944957811817152,0.00360317552543014,0.00407773515458592,0.353977694361263,0.0135685614065159,0.00957135625084691,0.00399547210193682,0.0171441815197958,0.000213969932943948,0.00550990988042785,0.0070634564253889,0.066096530890179,0.00930457176442321,0.000302373052222601,0.0235731722155184,0.000132464509769083,0.106556448810454,0.0229394923512025,0.000714298655867155,0.0032598861710809,0.242249490556917,0.0226426616039971,0,0.0108941204312501,0.0544988410724703,0.000599594899524847,0.102765091736999
"CCR5",0.000969209347720661,0.000450813899403012,0.00114190592674694,0.00138328470272538,0.00126111069887816,0.0802948345006005,0.296711117872836,0.00451738148355107,0.223847006799795,0.00421136582404706,0.000826094408641361,0.00327437894070573,0.0270927049421545,0.000348363461065339,0.285137210751026,0.00444845485746923,0.0783684384033554,25.1498704117338,1.05135419826527,0.00305668045810518,0.00046948866144796,0.00028769814155998,0,0.0130307004768543,0.00541799606221618,0,0,0.00497100570418572,0.640030060538856,0.0541059656729095,0.479441432763269,0.150459556390965,0.000431401574831393,0.29745908197821
"FCGR2A",0.09431665718194,0.00393084603481371,0.385531483841029,0.0715011310702633,3435.79318788184,3.00607381773177,0.102445060204829,281081.156661329,137.07822148195,0.623747847751874,0.347855552175377,8686.1858721869,0.0236502758551017,0.0104202317980979,0.742632174987054,0.052546154362539,33.0969466184607,27.6797573541337,0.0258360750488022,1990.94796183332,0.00476133934674651,0.107703074879247,0.082912225913928,0.0227145922022521,2042382.71157366,0.059758370784684,13.9410414028597,32.954422613588,0.107458877972573,13.8616926752235,691.431968259768,6497.06525010804,0.00105948736855716,0.00902482710423486
"CCR6",0.0273035441958032,0.0145297071534342,0.023933722326012,0.020897117639124,829.674745795223,0.0153901505482018,127.237228375769,1552.08493864388,0.119597423274844,0.0397891673290197,0.0415523197771418,1182.74161886482,0.261042130541384,0.0156363489180826,0.173837204554402,0.0166159458094319,0.0727702305507237,9.54708478051787,0.0294563311156438,515.779085241875,13.8060162034166,0.0280245922763433,0.39339353372755,7.5851126786805,2626.52587259176,0.00684129616552352,2.71530324890072,21.3278106264061,0.0145799621196255,0.307328497122443,0.0275895348562955,2521.18070537246,0.0279632891785569,0.077863057682145
"CXCR5",0.0162029053155431,0.00395193522315478,0.0162614227006223,0.00687516083475442,14.7430187899397,0.00986021574324234,0.0900600531358829,1.18334675585614,0.18505517614442,0.0209102270425414,0.0155542938779416,3.29635108280733,0.00895328921169742,0.0084215375075065,0.0411070796834254,0.00567363072686597,0.0296069969449929,0.0499496909436509,0.0236357967119921,1.67566420482941,0.00971702310257817,0.052613721516806,0.0258974054059483,0.00979001119232887,0.286905760464609,0.00748453240700071,0.137226850691413,1.02646071963259,0.0234902145712937,0.0287076399371005,0.0193527295591798,1.78866998011982,0.0101486842365836,0.0141630193324531
"ITGAE",0.112107122409857,0.0177316514393194,2.87057307737778,0.0282103078388852,0.0302212692219622,4.41519280716687,23612.6458824903,114.83490956029,0.0860322663722898,0.0690533781178484,19.719176424426,0.0751992778227169,0.035910604193289,1.17468416101637,18678.6681284577,0.0146805228051302,0.120183317479353,11.0097724751246,32377407.6852075,0.0326498404988694,0.0679235069215926,80604.0349037117,1121.38848846042,1784157.91633093,10.8286841670932,0.0111818796379032,0.0428247748105914,0.325983205392241,20.6407061368093,0.249166710478299,4.47168980419821,0.0313904403937506,0.346140041752851,1.00336316485158
"CD69",0.238305492119289,0.0463274026881916,0.175047559038188,0.0929617372809688,27.4464497112592,5.03322006472756,94.8756613519371,490.754704026084,0.78927405553614,26.3419918895718,14.6732794242758,466.860175167985,1.05090734217896,0.0638537518575754,9.72794949709458,0.0293109756479246,0.639719731055948,184.219739245877,0.546128780254915,3.59809922421582,0.12127693658716,0.236484161688105,0.046411951712957,46.4873256852539,10.8502493445851,0.286153154510043,1.01489695242915,20.7629233574173,0.531587368238213,1.43594891890117,0.236169166777596,13.6908966877003,0.356735221251969,0.194442448600319
"SELL",9179001.74422748,1074719.31804722,1978411.05788861,2646969.63203187,163622.498740854,235724.132294384,6827366.96535643,15054514.9896743,118217.958461661,62563.1135318853,4792818.36672657,385071.394165993,18530010.887796,429469.444520613,3539070.13199848,12346.7069387761,5610.46788798658,50195.8049868359,1389753.32224742,1791.15361388024,356970.945543148,4306652.93677702,14153465.5967722,1704407.63413319,104.435479773093,24120.8373986188,18526.5415278518,2866122.09665441,49342670.7275908,95213.6957646038,5746732.71150506,90406.6992131691,991477.939081479,76.8906718889676
"KLRB1",0.00426561548794829,0.00172645497514458,0.01671514768722,0.00159081777802966,0.00154322294810108,0.120533428079122,0.600656822618265,0.00117237786107235,0.00346011437189222,0.617228517428824,0.0379226622549007,0.00453884322671256,0.00707496048761974,0.00172976538799251,0.0649088065488008,0.00669776334990613,0.00231976936921523,50.8523449877045,0.10208743500995,0.0766554961492167,0.000885038875084648,0.00324700303752231,0.00300881676676304,26.3331572159148,0,0.00292428089974581,0,0,0.00160882440326626,0.156250726527484,0,0.050804367264824,0.113105909654068,0
"CTLA4",0.000242558796813726,0.000146196703742041,0.000109853136777002,0.000214100361742602,0.0156587545174373,0.000455192214072756,0.000168041996414075,0.000156864287300033,0.000498016496655209,0.00647344530130115,0.000213146045554192,0.000322202906262948,0.00056912566673943,0.00338660653437056,0,0,4.27434121776981e-05,0.000330611398650443,7.3513769470859e-06,0.0373428372265185,0.000508263238196103,0.000451917770327416,0.000387140542984883,0,0.00178474512755024,3.26010966353284e-05,0,0.00635910602037757,0.00203691747934283,0,0,0.000716870358744542,0,0
"LAG3",6.71494589724217e-05,0.00212826814188235,6.09860841821504e-05,7.96084630265386e-05,0.000402951053722258,0.000557244140147087,4.23299026055742e-05,0.000141179389169294,0.000668221698826508,0.000960379344113487,0.000119688715037677,0.000985348260562975,3.16399396254949e-05,0,0,0,0.000402362249046084,0,5.68313930467019e-06,0.000920332926364281,0,0,3.5737168469665e-05,0.000611356964367113,0.000913998663255856,0.000339023148494666,0,0.0233095744145856,0,0,0,0,0,0
"KLRG1",0.0237850434009338,0.0127912087582507,0.171929701777762,0.0125867656442781,0.0300286079809244,216.486835032575,1.00808121276988,0.041182218031361,0.0729467148144822,8.58437470214135,38.1241058681615,0.0777433151943555,0.582954136098075,0.0925791333812128,11.7767675511541,0.0377056389336486,0.086091864422551,724.88629527044,151.748239648657,0.0829464240845194,0.0398459897654992,0.331440699230302,0.099317691308632,24.3468537676636,0.00616223729420255,0.0272700048105217,0.00283469973323035,1.41903436594389,0.0309183891828335,1.41342782774026,0.0721576279425388,0.0119106940681764,0.52871469674846,10.9632195994441
"CD27",10378.6587303934,928.669544748913,26139.180817513,1753.94558885666,2.99277651846138,64.651599288323,15190.0771457246,4595.07759569916,116.03178490999,10.3183335922417,40102.2880138088,18.7395835417067,29934.8648605369,671.363349808361,4691.77821113901,3.18116968408284,2.56618385728788,245.214208579385,26953.5722069701,0.714839948655507,9621.63024740342,21839.7688652355,8350.27009612231,2706.89157212935,1.09328212475182,97.8801644610191,0.128061653762675,458.261996716225,2.61919270982203,25.2686871355266,0.20166546175767,2.59779616015937,3153.6426403319,277.673252287966
"LAMP1",0.0621629014488517,0.00803471491193106,0.0632404082644891,0.0139411468467042,0.0907361098350337,0.079284085643454,0.0361010173954257,0.193466903843056,1.08064232749179,0.0747504757614484,0.0962839752674221,0.102361414224345,0.0643194402045342,0.0156826200694936,0.765742165937047,0.0565105827154758,0.398836375318306,0.165065987019954,0.0585566727929608,0.166561760913515,0.0300741534520259,0.0360621667574345,0.0157853037778656,0.0722449313925456,54.6066871717057,0.0577666584078839,0.00687472603278604,1.25976112235392,0.375830435030819,0.128036647886758,0.112391983810046,0.744742030815121,0.0190481259598876,0.0623210922351633
"FAS",0.0319038504331007,0.00569317006430668,0.0345945612695928,0.00862636805843405,0.0370190493519999,0.27134917763863,21.5531346591921,0.483064320121039,1.52757415355437,0.165975359964825,0.164731931063114,0.0197872257339809,0.422466776141428,0.00356509107625087,1.02613278155298,0.0114739402169743,0.858817660896772,1.18627149269759,5.45719688972499,0.279880322898151,0.423917134021558,0.0281510918251148,0.171004665423442,0.518435324811021,10.7099848265179,0.00114318531830298,0.00093186691242263,0.494505657380472,0.025231856983854,0.271793423241005,0.862381657512292,0.0229455203948166,0.0306650371229203,10.3053095054517
"TNFRSF4",0.00077524556423086,0.00025438506627358,0.000760038838956726,5.50782277085308e-06,0.000695530571907792,0.000514879129935256,0.00594069663247685,0.000989012593223985,0.00178457384658152,0.00168845104940052,0.000537847072922362,0.00334718045922685,0.000180999040047475,0.000378330500962508,0.001179732134779,2.16697480583799e-05,0.00376224231401301,0.000287394777630527,0.000785878618746136,0.0023974910834045,0.00112017943159905,0.00234104743401861,0.00150379359989955,0.00274513924684331,0.00247673949991847,0.000833869398347501,0,0.0626641457416387,0.00114180574884118,0.00121042692542504,0.00185053141400592,0.00681198086751963,0,0
"HLA-DRA",6.13130427104559,0.0178536389463035,0.222276942495828,0.194822476319156,14128.0374102468,0.37581034094764,4.47090871759337,14737.2645333763,1295.3096258502,0.651076812612931,1.04128896209562,8329.0414069629,0.212434155494976,0.0443399081621858,1.17744621774351,0.196654388950735,4450.67540002489,2.85121111478432,9.29941414062294,1797.58730966273,0.00747531534759078,0.809028396889378,1.19021338421101,0.0282347315808895,49371.1354134695,0.012197983765743,86.9481250272512,58.124770838795,1540.38817540829,7.46761332723378,75544.3384607206,2372.641917995,0.0186139746426485,6.75541217610066
"CD1C",0.200393072197418,0.0993352742137849,0.110395004303052,4.86722280929324,22324.4992131992,0.341910470696369,0.719863480008061,10297772.5762649,2448.19691574184,0.793671137981919,0.0712636697725144,46610.1778836578,0.179508921752036,0.0406015272808468,0.808734580037151,0.0616563861629471,242.812373912343,501.506937551618,0.0431237977030701,33363.132102466,0.173041921694664,0.0298920708010961,0.0478563451181962,0.102888902130058,46440.7220237781,0.024811303290797,60.228717367157,291.530935977855,0.0266893103410407,26.1224450070752,31373448779.1002,1045415.99456977,0.0577725170036568,0
"ITGAM",0.0309917772836605,0.011420691783041,0.0294920834402794,0.0174569171291854,0.0183081788988171,0.0906696943549992,0.0279322685760024,0.0262262768811445,13.5741033890251,0.192287821535325,0.106529032614705,0.63196392212785,0.019476187681984,0.0124846798015197,0.0658045131586647,0.00973243041736308,0.924082107236479,0.0438017582359737,0.0231943512872145,0.0292479549713818,0.033216719052055,0.0439910448394745,0.0296177833218091,0.0185968750869607,0.0452189114824261,0.0295480237087443,0.0114078765610277,0.1124944174649,0.0123727389970591,0.215547476889303,0.137235651539571,0.0332349431714059,0.00142125632975265,0
"FCGR1A",0.0836429777929575,0.0416405911938112,0.0675541123683696,0.0400343003951459,0.072216441306306,0.0588289186033054,0.0665757247375875,0.0579081973324073,30487.4376848134,1.04530186981662,0.180874288952937,0.0815818481682572,0.0554384963889764,0.0459711793894946,0.519735733289414,0.0415493457438699,2.11390661846415,0.271184794100677,0.0687036474225783,0.297458944826225,0.0278621265815629,0.0476928516251558,0.0306475937394626,0.0462003315509453,0.0213189419593087,0.0486865731914727,0.0248123765057886,0.142683297818412,0.11354223269216,0.578381037623379,2.73784946874346,0.138198180412278,0.0555875783408353,0.0873747192499859
"THBD",0.00214407444049116,0.00130225007152212,0.00173488034896361,0.00256702442132591,0.00487656038368575,0.00208663932535476,0.00149805123241916,0.00903270121728231,1.16235104222309,0.00217191850438605,0.00305368441077133,0.0123654193881981,0.00102354484604909,0.000949750623379057,0.0264738728392636,0.00050915365631949,0.191365747385333,0.00137151912448617,0.00285782312604592,0.00416928583893776,0.000742331891789397,0.00628015098638598,0.00131644504439855,0.000426753581228007,0.00506286170441456,0.00283414195174459,0.0017411162812887,0.0393432712224033,0.593984378289292,0.0923530998596042,1.0767619651342,0,0,0.00603056920269437
"CD1D",0.0038782912589887,0.00262281370893737,0.00223098007272938,0.00558318203106276,0.0945933852250766,0.00260292769967504,0.00249823379677918,0.11080982724771,1.45336334784049,0.00412492458141388,0.00174739095677689,0.0583040438906334,0.00383146342424973,0.00255602496676139,0.00958018312228614,0.208109068727939,0.0384137826290187,0.00379590822094547,0.00779680982611817,0.0867893669329012,0.00196588138401296,0.0610421051457447,0.0013261749599394,0.0019075423296198,0.00563672737588308,0.00270248528694316,0.349080269566485,0.015213980389154,0.00756943592418107,0.00121133528506794,5.21276177376519,0.00815806630016988,0.0076689238638555,0
"KLRK1",0.00308688194222439,0.000786464654312991,0.0229526371079718,0.00110818770818955,0.00700097471102856,0.0342157700237214,0.00280776280603481,0.00811978281817329,0.0142777269631843,0.0359740150612773,0.11703583274242,0.016141273129,0.00673152242479459,0.00694443709993986,0.00801910782789744,0.00288184819221363,0.0364352560091881,0.00623156162542156,0.0599381885473976,0.0336160740591074,0.00320911980134771,0.0275266628199615,0.00889926714096894,0.0300026292073846,0.0117208129961973,0.0040035683639603,0,0.938023450756534,0.0192447250079652,0.00216516211678188,0.0323090588470845,0.00511969466733129,0,0.0252850309071179
"CR1",0.78558708428614,0.105766191471967,5.00107191542559,0.124639550553438,1445505.63156063,0.174869166013732,814.14158690697,7064564.21823759,831397.496766387,0.237158361952277,17.4875429969382,955831.706151723,4.58419202745786,0.408282636319272,28.64299884141,0.293580488166141,300.075356200738,3.69869075598477,1.35086986025916,526445.897086898,0.477922561253586,37.4246257084671,0.599595147321281,582.739661481574,4875.57365274641,0.101557494360104,1162.24582399086,11500.6491192329,8.63054347630953,88.16134505301,6.03653557657803,337481.148260119,0.212533650440399,0
"B3GAT1",0.216361352402903,0.089972360690531,0.0459689287412309,0.0368467965721585,168.06552857772,107410.52744364,3527.25150605091,0.0756035010887966,0.414713779661529,11353.6526543854,315.375148193506,0.455309575305804,1.10582933943894,0.259744245925012,175.957473228809,1.11391442673182,0.529600922419506,101.516939468103,25475.2836664374,0.138246735109028,0.0108367455358159,0.0173325676462121,0.0100240904268629,0.0266568978289022,0.485814089574927,0.09075442010624,0.00854651566202226,0.349688935389572,0.0253167719765697,8.68846946943107,0.881214531852247,0.323799371079619,0.0169483783498986,0.01835920843736
"BTLA",0.00515309459797133,0.000687621633480287,0.0015932919180956,0.00228772054991936,0.319846051567374,0.000479566977616506,0.00803777102913857,0.127325655496026,0.00705655103973804,0.000144048357649752,0.0014185188426634,0.598776859158651,0.00786332662780456,0.000489620975490127,0.0118355965032948,6.67569249905017e-05,0.00437010227103739,0.199675976227847,0.0007205505476241,0.164212642987089,0.00483074249760778,0.00567926562473345,0.00484687130513598,0.000981577395574061,0.278551086204851,0.000152369339704756,0.00992044407356034,0.0096226075181888,0.196244862357211,0.0296928510333832,0.0167987321826687,0.197901430949618,0.0034842514117883,0
"ICOS",7.68677770076621,0.26761204500279,1.58544068326006,0.989423593109064,0.0245534628894972,0.309759688487389,501.709573004622,0.0203639032927434,0.100606899260134,0.0209082075363552,0.875977264742856,0.0777598315019377,23.6457412386548,0.156853908342394,41.0889473470702,0.0465672611067114,0.00939609102960082,0.390741541733167,549.867364505695,0.536213959430159,0.884345857236075,0.806931429992502,3.28038613533774,16.6996506961632,0.016298476176754,0.331443873590791,0.00400459907782432,5.58634790120557,0.0104269282219182,0.237462711050968,0.00890413751358618,0.0442698415786164,3.77805860915222,238.295607332413
"CD58",2.42714948248612e-05,0,0,0,0.00599000690079352,9.3706925621373e-05,0.000811541730075419,0.041463194688188,0.0340265616169318,0.000106466129473763,7.70750095983004e-05,0.00214788615128502,0,0.000171347691157915,0.00178557305169378,0,0.0291046367356426,6.78172211487369e-05,0.00035884760897606,0.0094383834189272,0,0,0,0,0,0,0,0.0020698357785024,0,0,0.0203910078972718,0.00298295382286833,0,0
"ENTPD1",0.111381895147917,0.0447089387234684,0.056474849664787,0.0369286666203087,4044.80415414859,0.105969285099487,48.2305183974318,27356.8197021959,219.472728191472,4.8163591348233,0.190780241369421,371.060890292701,0.528569549705367,0.0395273207183915,0.634301322508068,0.474162895507032,207.230876755185,62.6433479228301,0.671035009896814,6763.35565781663,33.0818722212366,0.167690625388415,0.250707791130676,0.403140145435754,312504.310351412,0.119865751144649,1.45895253229783,16.7036080282712,6.61212629800166,15.1366391776855,12511.9796457125,4573.40044561366,0.0185762843031386,0.209129570779971
"CX3CR1",0.00124133052016007,7.67067645660108e-05,0.000394504766106043,7.06812296855987e-05,0.00548802339728318,0.0123959012403138,7.25833145550394e-05,0.000420780285457968,0.0118504988909822,0.00981684079211806,0,0.00331704772423602,0.000153026987934369,1.9543085059863e-05,0.00299693493825151,0.000387676853425545,0.0795438917928064,0.000103965228679518,0.00355058744093908,0.00667486189820881,8.61706830782489e-05,0,0.000258623267316163,0.00268331080591859,0.00532555792217217,0.00151918531129105,0,0.227169799902476,0.000310221539917922,0.00427827417387043,0.00309660579821071,0,0,0
"CD24",0.00332131784778786,0.00212740294505626,0.0118308304027922,0.00362277377177918,0.0307034027792999,0.0170899354071682,0.00646924174566059,1.02428179096,0.0110017689786994,0.00991761836812884,0.00745171395096916,4.50943956128127,0.000237779009572563,0.00263747151048008,0.00136471452087518,0.00116417589267357,0.0359895010892075,0.00200465757695054,0.0100670588148433,0.385962331302001,0.0029843744792843,0.012653783057963,0.00277812834687903,0,0.0147877033795151,0.00150268562627927,0.00167595003825055,0.188653002352593,0.00345381689752195,0,0.013056813644444,0.101537818087167,0,0
"CR2",25.1558362151272,0.577134586122248,73.9857061591399,1.02044078532265,2145154866837.33,0.835142141556144,2.26050921895738,2424463100665.95,45765.250262827,44.301748204344,4.94283589631322,102062325772.12,1.37411308446006,2.65925182529789,112.746587578769,1.66409469891082,46056.3925210302,3.2928926855422,95.9529445065562,516942313213.931,0.235473325751788,6.37540052213434,0.416568678622714,10.7236504584874,1101550349.06677,0.215123306565484,477583.931962387,54701270.3985384,7.76025156369225,195554.448551309,12.6046864955961,741827140436.989,0.516468134556363,0.00153724275863763
"ITGAL",299.975416084249,23.9445917120982,432.245230708862,63.6909900576887,466.231787753105,480277.16703516,23176.6615182692,35.0575483663378,556089.965026288,45353.8497383913,26676.4802567968,6335.34317588568,999.953507857972,45.6530335311066,2332.36130501454,4.85339724803067,4485056.83716952,26143.9032019354,251767.693457813,52.4242452797431,92.0719171185574,1575.91393068216,4604.8305879688,28036.9974559302,1110.41665036131,17.0126005404852,2.51732722339415,231.724515362338,3914.82913588351,49647.4712472553,25872.5243786392,38.9473655799672,209.387037259575,3249.46558025625
"CD79B",0.00217931340578538,0.00014354728399213,0.00160369743913204,0.000375855054315796,0.0247484591061395,0.00082762174471879,0.000903590982135441,0.315572268048568,0.00359593425111084,0.00383871038420616,0.00108645131456694,1.01200842313835,0.000620014444285294,0.000263856378666602,0.00261998737328484,0.000147751520204812,0.00776495705137031,0.0024511436925422,0.00162432035772044,0.0678360584747039,0.00847582455204935,0.00248081829032709,0.00296127110313222,0,0.20081817116337,0.00311591829588834,0.00288262976290664,0.251349949197108,0.0057889838338128,0.00225286538937254,0.00353745123529499,0.0821519544331261,0,0.013627419609141
"CD244",0.0209890729869869,0.00549296043436296,0.0440058106530601,0.0310132093878965,0.295836262188421,6.17187696754342,0.0405835229247675,12.4285476795429,10.7622458473571,52.810951345963,8.96288624395747,0.178553085560631,0.487844313987552,0.0184860679426518,2.04590569859423,0.0479008776973824,17.8182597507898,4.2629715733127,7.59191007196381,0.0822920735021265,0.0456499896136944,0.0290167433714762,0.0249852989746235,0.0461596301533352,0.180459583385159,0.0332627370239615,0.00160587671045926,0.0750755642026874,0.174611576553863,20.5559035110435,8.84489115901171,35.3086137658464,0.0576375676454028,2.26607725561523
"SIGLEC1",0.00348285718894769,0.00410206875379904,0.0024611432381191,0.00713812773471525,0.004972918208112,0.00433271522264266,0.00372687997976169,0.00602527317567495,0.759342254265794,0.00684610747450143,0.00315584336598253,0.00891768865426266,0.001692496853255,0.00222700354896788,0.0185541823381707,0.00111810958973536,0.0975757432864899,0.00211574646560038,0.002476271219001,0.0166322934548042,0.00655938356864865,0.00666921869520918,0.00823229027063106,0.00400326991294367,0.0068149251337573,0.00698502012064031,0.000735034691912173,0.034892251013272,0.0312758182185856,0.0586485845694843,0.113645276127023,0.0034240025289867,8.93092453893776e-05,0
"ITGB7",0.027638102467864,0.00618476761360469,0.129600475165724,0.0102775022844889,1.16970750367696,0.306763086498703,0.630196554625796,0.463777715083902,0.692052690098238,0.243167469965263,0.0600414726068047,1.1461671071635,0.060912574627175,0.0303806088517752,0.108942541116807,0.00757645059774992,0.0169607012448986,0.0352022246089803,4.3625490851376,0.268786141410132,0.0372686964459724,6.85596127716859,7.42914381680621,0.80817898495934,0.0276560206476245,0.0267598099698837,0.0486584784367355,0.0637267005281716,0.0774925176197933,0.0766779902867896,0.349577968685886,0.354110810472528,0.0319078773095215,0.155699882823328
"TNFRSF13C",0.0357111792988565,0.0134147705128275,0.028533889408578,0.0184521896495298,265.144480643129,0.03038617769333,0.0268139158182756,129.967053826549,0.0523822907301045,0.0440256665547721,0.0269607866306968,155.601545201878,0.0220617771977205,0.0258912248690691,0.0407479114521157,0.0270268225834859,0.0910754784717522,0.0783398797234969,0.0413554140687716,90.3929511995672,0.0292969481653091,0.0564770705756814,0.0324104276772914,0.0238356120092933,78.396683474985,0.021062636768158,2.26335481160622,6.74953296642352,0.0856910382863625,0.153558137109025,0.101812339612625,63.3409388560343,0.0100581912733809,0.00725543579639454
"GP1BB",0.0095712507715498,0.0104090784755908,0.0176076326217792,0.0121487717935071,0.0298336014465833,0.0332023510288795,0.0368253271315729,0.0340621919142294,8.72680887988642,0.0312397276308804,0.0259699864168646,0.0414119560749204,0.0105146992808067,0.0121787848849409,236.544375459034,0.0200073608355272,8.10670685069854,0.112611043889505,0.319839355459161,0.159172909047718,0.0121699404755508,0.00601102926730028,0.0143950826701995,0.0207636283976974,0.0243428863679995,0.0606669543142088,0.0198075269434366,0.0140667234767993,7.85152089789041,0.565114709268599,5.55897529994611,77.2560451761136,0.0226760517730109,0.368305607424602
"ICAM1",23.8980918165254,0.0632695445823676,0.0682584616407598,0.0560422010643615,115.885151216883,2.11832033715356,0.647934632847579,356.144189860115,204699.731354963,19.400965596527,3402.05943664832,175.87771540692,5.4914247540498,0.0643846423045892,69.6622060089954,0.196989183232414,282925.013853873,5.58684384020311,3.15250672585202,13.8337234773069,0.0913601785482232,0.436482721879217,0.387851050601383,0.274048490286092,982.357385503545,0.055419795933644,7.28316392847761,0.938546593107794,16868128.6662272,46506.4129163579,176698.282139622,10.4975138344423,0.0271593804626387,0.848215305841858
"SELP",0.0257818250955305,0.0135377848250917,0.0325633788084365,0.0145093509177204,0.0683554513420386,0.3000616919081,0.139800270404997,0.171655169253733,1688.50187724032,0.0336153713165611,0.0645840489830595,0.0968252414325005,0.0107842498743142,0.0197454641833135,7091.01169266601,0.0758825802769786,911.630501903246,0.498750998382429,4.29629560832448,0.274340297057639,0.0542446581666787,0.0270369447200211,0.0757201966332842,0.059941170073938,0.0973498857817059,0.05434634685445,0.0191907086675198,0.108753981010125,259.106998063707,5.11798953584462,7.1798537635913,139.591878798643,0.0204744711475126,12.5509519697461
"IFNGR1",0.0108519426705493,0.00260292858502411,0.0144039877423645,0.00295324517583038,0.0513512600977331,0.00897636369223286,0.0188419451989766,0.127547815294308,0.14211986420626,0.0267867464330909,0.0103070707952825,0.124067797221096,1.06503865100925,0.00263764327819582,0.00853022791652695,0.00250716684003652,0.243064370348976,0.0437176724615848,0.0191340836657051,0.0519215787853496,0.00676097166954694,0.00635812479261162,0.00927222844217226,0.00727116371953529,0.167595069605415,0.00780294962364933,0.00285899559688308,1.02973180265291,0.0336324534409162,0.0324280232037471,0.0530710728105107,0.0367427503382176,0.00774400183024785,0.0242932181996474
"TCR-AB",127.802622293683,3.5393653645354,19.0813834812048,40.9207447112394,0.224782352627005,4.3161512666389,30.675535199797,0.283743636712116,1.86649767349541,0.161817832177424,392.987335508542,0.905156614210729,33.281345604808,2.52592540270332,21.8496206855819,0.214599665264534,0.189426752093065,2.40475043686168,8.71351874578315,0.49785325284974,13.4434609336897,1.97098998055819,18.0237561360986,2.07970104107346,0.0289560601601848,3.38293788678752,0.0596636122357517,11.6610223235827,0.321732200864096,2.26280514601582,0.0871381376812977,0.800403092062284,53.1892436628408,9.7228760321355
"Rat-IgG1",0.00560689764471967,0.00451200490419255,0.00422482943927147,0.00455505483374315,2.50262157850524,0.00349221670092663,0.00292395790728564,0.0104181199341422,0.00475669888091558,0.00392565759924383,0.00261267594033725,0.00679261771953493,0.0032294491950314,0.00819115624746678,0.0044628410121491,0.00561052574516719,0.00656239206362447,0.00304723811993753,0.00656364420446728,0.00420382623224972,0.00243636208263298,0.00252478895010223,0.00791665191425295,0.0045094184922278,0,0.00180729533860226,0.182195864725334,0.170390323601817,0.00469679579363442,0.00658740881148973,0,0.00287077683833649,0.0101856229934811,0.00720070965366316
"Rat-IgG2a",0.00445111176514189,0.00449621275414403,0.00563152214323025,0.00626929559333849,0.00418671091251343,0.00395151029407096,0.00971632327206294,0.00398918578889268,0.00971530820826569,0.00308315931362946,0.00438537441475846,0.00284067847446132,0.00536431803209829,0.00377844812386817,0.00559253027357959,6.1489626190856,0.00674259596826301,0.00153807325019623,0.00143529595876401,0.00284483501804574,0.00123097034914284,0.00612170322947412,0.00556883425999378,0.00893222806585564,0.00724661140526225,0.00170140219302573,0.00559600860835397,0.00361403615687091,0.00413376118558298,0.000257800524636391,0.00203851932131339,0.00445147078663099,0.010316333723008,0
"Hamster-IgG",0.00326606885615444,0.00341776143982437,0.00395341722252051,0.00350273792239673,0.0149795968078118,0.00416665071167679,0.00660523129034086,0.0912572952955677,0.320111981796461,0.0199257321112978,0.00208811522703688,0.0217690306143536,0.00527205888338457,0.00188176302188006,0.00399825809290698,0.0049452676617528,0.00408711272819963,0.00131419204084962,0.00238923460461156,0.00538720533851668,0.00172458995391272,0.00291414203509205,0.00521316466075527,0.00854453054012049,0.00318525298970057,0.00332536489922091,0.0104030519310141,0.00029909885849704,0,0.0360343838900688,0.00760351698545252,0.114103085820419,0.00840980659628197,0
"IL2RB",0.00467978179500358,0.00233731225537803,0.00891749192074968,0.00802817669893273,0.00736568544431587,0.0164497167246254,0.00465656541748856,0.0026948507034511,0.00476327230943749,0.30697152403232,0.024485005579067,0.00317707065614106,0.0268477089539187,0.00513257736701871,0.0127340651798399,0.00174717636796432,0.00767126630566964,0.0131192995892553,0.0158238495561647,0.00842245330145678,0.00771290159498042,0.00403445818689261,0.00605661772174076,0.00403019677636921,0.00524914732231112,0.0108179328835553,0.00376989250297576,0.0295201064734078,0.0171565526824587,0.0660447212247322,0,0.00196711750713958,0.00286614082274504,0.0136594984464439
"TNFRSF13B",5.34334875996177e-05,0,9.844472096696e-05,0,9.24722155327724e-05,7.92018749714496e-05,1.55715025966669e-05,0.000641839340098771,0,6.83206074349258e-05,0,1.32473023785307e-05,0,0,0,0,0,0,0.000565553008133013,0,0,0,0,0,0,0,0,0.000401516093943735,0,0,0.00712738321482842,0,0,0
"FCER1A",0.00329136995702557,0.00409118198083815,0.0408266315890432,0.0695669114862762,0.00794224191153022,0.00608161437486421,0.00398090451859089,0.00435453322002469,1.83839854379044,1.34174767967085,0.159099819980651,0.00774934203341843,0.00527144830337439,0.00166501231202899,0.0566847686507873,0.00412598375683984,0.0810349536946564,0.0102948435740401,0.0087655797959468,0.00949472773287799,0.00905620690354234,0.00723298134065875,0.087470011894366,0.000761248284337631,0.00704077364198368,0.00688471489524174,0.00696782797496481,0.0649510724285024,1.79113628291393,0.00453543806552064,15.7316274513514,0.00281861374876588,0,0.00484971535138127
"ITGA2B",0.0466170258363375,0.0139701766645424,0.235494364775521,0.0140679729901391,0.074316744069281,0.0825243824687376,0.077078227403223,0.266171198664007,7.85541456784365,0.088550516959702,0.112488294475494,0.110516717928527,0.0273504120637814,0.0231974072203789,41.243430076895,0.0425591886409241,6.65383411405128,2.34043392033251,0.551677224395108,0.335343429927032,0.0917687507615898,0.055102322010946,0.0259627438723222,0.0996985232850054,0.165825046116355,0.0809357204880973,0.0142198150111769,0.0500834315655625,7.20025176589624,1.43375638185171,1.70927249536901,29.6455596320652,0.005197768942284,1.53071929541668
"TNFRSF9",0.00347751228462037,0.000944496919025685,0.00153912109126988,0.00126425159109542,0.00231455074569519,0.00018120822251684,0.00346752125561923,0.000729877736772194,0.000772911581763405,0.00156656812251713,0.00150329297028904,0.00042364214339976,0.00876912581041694,0.00014321545544072,0.00370742159945275,0,0.000312037974486827,0.000121994411537917,0.000620992430663433,0.000137434023585728,0.000305954726241194,0.0143531342585413,0.0162535059945373,0.000648157287493813,0,0,0,0.00474508176553065,0.00859270095593169,0,0.00800922412814428,0.000637223833786475,0.00140412662548455,0
"CD163",0.0201508282685426,0.00889757842091818,0.0134157649713088,0.0177042530792577,0.0217055046332076,0.0146073906809538,0.0125150877510514,0.0134598640409178,0.749947677189277,0.0162126712722173,0.0223095217561927,0.0287988210061349,0.0192689786066979,0.00912219586423833,0.0176256661426464,0.00519707837006159,0.105776814898868,0.0080174803345946,0.0128438812669982,0.0213920033597169,0.00244929765274447,0.02411761124484,0.0184471007771596,0.00978226353255173,0.0207893404468222,0.0212217868986427,0.00373324596195072,0.114364056526945,0.0218637814290557,0.0324561119568558,0.173191755307307,0.00202015581046384,0.00649529781432681,0
"CD83",0,0,1.07201496088237e-05,0,0.015089717848848,0,3.26364521445263e-05,0.0169851043145238,0.000453880347810431,4.60324264456128e-05,0,0.0100178910438454,0,0,0.000351668973086854,0,0.00411623185921077,0,0,8.8720630950402e-05,0,0,3.06352752662876e-06,0,0.00169666859405872,0,0.00106594661249662,0,0.00713301349532559,0.000912990605809661,0.112398108164699,0.0219293893906446,0,0
"IL4R",1.69199649456604e-05,0.34587607514734,7.83369700939179e-05,4.74120900370932e-07,0,0,7.501702222793e-05,1.89385817749466e-06,3.97021220307022e-05,3.75049400639115e-05,0,0.00334710567204647,0.000171724493833046,2.10310020096122e-05,0.00550043446418012,0,0,0,0,0,0,0.000819571583134485,1.79926992397078e-05,0,0.103875823623343,0,0,0,0,0,0,0,0,0
"ANPEP",0.0748793261447001,0.0249277248584003,0.0682266874413232,0.0348175370966453,0.0689062570021734,0.0393773069066168,0.055450041508407,0.089624189312451,62.0088147091137,0.0315206352303336,0.0463098867639461,3.12278609620659,0.0525617744530846,0.0294322861146135,0.2269939800481,0.0288600360000858,88.2836461992919,0.0433813130264913,0.117009561078005,0.1218452727261,0.0538559577833891,0.0499508248057018,0.0305068589704223,0.0401723498011084,0.121759764074551,0.0449546464960092,0.0194697525723376,0.423431145086153,0.0958300251894809,1.59820636616381,1.02991117042514,0.174203050750768,0.0218447736576592,0.0348403187112263
"CD2",6829.86369394872,489.867463467791,17502.386982015,1295.66017021551,36.6567072967911,16663.0499829859,231019.281437654,19.0299656109598,271.072020903192,897.082457818675,20648.6940319082,84.6973633644748,22076.361130416,1988.91955567656,15935.7363393133,19.2241368608551,8.96442146531372,104988.141259936,201573.438573111,10.9845779573007,699.267165615041,16200.608653765,9367.02717836489,51243.4371229186,8.03020123631216,201.899522285878,0.576023623362368,5187.06863328402,2544.33777277829,145.303495799665,229.292108894921,109.799959284942,4205.36160286404,20215.5342417924
"CD226",0.0278653973909791,0.00207063285582143,0.0403589659894979,0.00318286193415817,0.00413254717662475,0.105604554862354,0.1688052513685,0.010445214824881,2.48131097139221,0.100412104215129,0.0338570624730769,0.012807046417598,0.0329519466364086,0.00440971921200239,4.84193144147683,0.00283734487017175,1.83890152071411,0.092899154487903,0.228138115713924,0.0119736313176567,0.00331657048367646,0.0279154078683654,0.00768808176540152,0.220722859573229,0.0138980391745393,0.00807904605572285,0.00101219537879777,0.0596843985657696,2.31563225980889,0.443745049674934,0.47493999212938,2.90939607186113,0.0307131465549041,0.698736635534479
"ITGB1",0.191741229250778,0.0314154601447692,0.0836666786171724,0.0534457135098722,0.152108248314837,3.01376459625673,29.2486140112249,1.17239299202784,35.9514139463848,2.48964522292659,3.91556088285922,0.880954600587455,0.769206331791848,0.0161500052831149,23.5427007505398,0.0287492978503548,36.8244105594992,2.19055512933423,9.62075207669307,1.89200657104266,1.13005608818711,0.583644268370578,0.0867717211124432,31.7680128605622,1.95400551097002,0.0821825907164762,0.0103844148695056,0.375926964256971,18.3634463373324,4.08695788639281,20.4408597105368,15.0627637634271,0.100008173873762,13.6844560142781
"CLEC4C",0.332264492844442,0.0110264206652241,0.0119816305177477,0.011391509198743,0.00867824212282697,0.0119780913469023,0.0107779112723836,0.0137755449133281,0.435564675413583,0.0133773969469427,0.0104330568084721,0.019626213738712,0.0360737152202581,0.00768991845984384,0.0155839389310062,0.0117228506649628,0.0113147651478984,0.0130711593927967,0.00270864183049876,0.0128683292825944,0.012999411225408,0.0319492342017295,0.0572716652171308,0.0225806607870473,0.00590266405496776,0.0124883302015731,0.00465279592808151,0.00696675893638971,385.57963815663,0.0333208027625,0.0839883918943691,0.0178530838350933,0.00383125800870865,0.0178986425483885
"ITGA2",0.0141820095473017,0.00817500893480718,0.0154985956831818,0.00611768521714604,0.0314022376085544,0.023475925984919,0.0436203953640504,0.0834371892557909,38.8425149059029,0.0264753317129962,0.0256888146632738,0.0562884422730464,0.00292832422416866,0.00861981759436331,120.539664773686,0.0179499994356379,27.3297381320418,0.160126625113278,0.64027303085682,0.160136048135008,0.0110603057098591,0.00857258839499337,0.0136182402531922,0.0483374760671792,0.0771458233833129,0.0216426645088263,0.0119243491864897,0.0200576991723693,24.7062626183823,3.07514099011262,5.27338392195331,77.8512962122869,0.00861580248393199,1.30324082214252
"CD81",13.5600028335514,0.0099613287153621,0.121928967190319,0.046104470164696,0.196090866854407,0.468840559490497,0.114269208718252,0.20582125283181,0.151830041861125,0.17932491174951,0.297041034800846,13.9731137360254,0.121732949570002,0.0417893701002584,0.206014886218351,0.012177224633518,0.670396814716778,0.634828433736363,0.881367292040358,1.26052800211715,0.0960640420718172,0.164289387337786,0.0274258965538881,0.0608237598584077,2.55889811205957,0.0551809708278872,0.0337155064537239,1.34175224047508,0.0208754017296293,0.203660507638412,0.040588718467052,0.235523557897965,0.107840635994894,0.283887556358953
"IGHD",6365.53463646793,0.0246011795769023,0.136455513747169,0.0500079538546247,2425615.81650687,0.078550370825556,1.0592384337036,4710245.11313486,19.6787269418723,0.454950732961328,15.7629044147024,68725694.0872081,0.0522622019611714,0.106335408342165,0.11275654428908,0.21384601898026,102.394467076151,4.56675717130213,0.382396816153369,3025667.95507687,0.0277201406630352,0.287361864479953,0.0553786652738283,0.0127887106086611,12251563.4368529,0.0100004771072091,59122.0157287149,205.599769015374,0.659402214234167,140361.472697664,56.8877403008771,374247.072826639,0.00434162643932067,0
"ITGB2",245.100070999688,34.3524602957315,749.337582689466,41.9888940321676,39.3966004637895,123612.940211436,349553.220450016,100.765481616969,5050820.89036454,21171.4086413609,57974.4292708406,196.595428843523,884.162338709399,35.1637959960695,8202.67721822977,8.48847493127824,965659.416923532,47466.3896867843,7809368.41303209,23.6650867252493,38.4805812780818,757.18255515998,936.490927130603,33532.7420750676,562.836884850327,22.5445939173449,0.803273819731133,98.0122216366075,1545.7410614562,11005.7070712648,148231.122269935,39.7063293025956,169.130976435832,3957.61158212332
"CD28",0.922889378091352,0.0617780866613357,0.212296912203111,0.221412765911728,0.0143314769061375,0.0260056672336819,3.77194749309242,0.0054867495758208,0.0147321543999443,0.00925514879360684,0.231652598686241,0.0145134797345036,1.48364176734416,0.0311298909175514,0.408873173597377,0.00738207903499553,0.00703537425790183,1.00213970055893,1.69085752648067,0.0197433072667669,0.283496717210804,0.154667998729391,0.412113011023532,0.356738196147528,0.00265109377822086,0.0675045666517554,0.000919954068836662,0.431254411289302,0.00995626802245911,0.0248740858699358,0.0218810685554983,0.00611187172390299,0.504802009014276,0.948212151825352
"CD38",31.3285639586723,0.536049283206881,7.967019164973,7.63285352130092,8.92999927181263,4.19369673190139,69.4802735676453,6.94922809608589,3.8776473160598,94.3546345091067,1.20534176132644,436.39916785342,55.0243389265598,0.685217861658004,13.5916281279378,0.203926461062869,1.17544664257352,0.373052583469911,129.146280852027,1017.69767674555,4.54097346506589,2.66682714226,4.62637387041976,0.520397350173166,1.70815782718989,1.21663741988914,2.96720776941875,79.1006053342088,52.9733060786482,18.3155318176831,4.91741345630065,9.37468203801134,6.98280712787748,97.1750341801779
"IL7R",5.46386433117051,0.233651714086385,4.20237028030855,0.380789358717147,0.027474091340352,0.0598436219244862,1.99937628539982,0.0326594671327527,0.0726239147658513,0.0276757533537017,1.6392292475184,0.0555987640451615,2.41858611329574,0.361231067240849,1.11634601697423,0.0296569372522756,0.0321481903838398,1.78716163200275,0.1874580297131,0.0271265218995927,0.135809180321882,3.98602437137263,1.65356964257209,2.6448479147926,0.0110705024526995,0.18672038680198,0.0039327719116072,2.11327882451842,0.273583362327282,0.208706291454144,0.176568653723496,0.0503520295723308,3.96510165825791,0.262061855220644
"CD45",666.530319543307,43.9647683217998,397.787476782684,151.425885923393,258.463970871313,442.523250587529,1425.11149238621,289.70077245245,221.42546533132,43.8190438475426,728.227165147581,537.131499131416,550.728937987162,63.0942565212671,224.221115225148,1.19720704963564,4186.34186557555,846.696996553141,1563.41390773651,139.592115321261,355.036084581767,204.599877313367,208.879980944722,154.413031941466,234.947318278786,30.9472255136449,5.42760361890225,510.79658687235,41.5991524123052,52.899039784483,25.9299926385138,93.4791340217487,252.027436340931,281.427078301182
"CD22",0.995853147622775,0.164897877162802,0.28448569407694,0.634299338087884,25176264.5516359,0.276114368449751,1.39058972484304,1905423549.68905,151.929114263544,0.172329807784775,0.144081705252613,12058024.946692,0.113415424051817,0.164559077364403,0.433559444772923,0.106051998515045,68.6865279790609,66.0173436935005,0.207848676799882,6564645884.34872,0.439679640406528,0.269275843854348,0.163377613098087,0.218754066359848,128842635816498,0.304055856702306,834.205117798525,821.147627512569,10.4457472225324,1242.45854795158,103.162960900841,59441797.6380466,0.0321577571383953,0
"TFRC",2137027712.01428,0.0135524859922589,0.0292557848881765,0.0119451983842933,210.65533447414,5.31035735522194,181.085897371526,304448.453498503,3184.22921726729,0.477373201564534,0.128530788456735,0.438106037817665,41.8948512363937,0.00847785772201417,0.674386995962497,512.977626937022,261.741903131083,0.0532124811069157,15.9149219965461,262.646612180844,1007.95755882054,0.0170199819249359,0.0928464818338487,4.04558567655261,145831253.408149,0.0717366866273142,0.629760414501979,2796.03871303717,12088.7372258896,415.769162404955,69.0900252781448,1.06011364588319,0.0445461572316733,0.395340188126476
"DPP4",5.48726786079693,0.248717961383206,0.980169155144492,0.480538113422484,0.0162602500197988,0.336673889784128,83.5659038844772,0.691710224332897,0.130432394460277,0.0395157678407835,0.371439458668458,0.226124318897567,2.51488748517347,0.169896392500723,1.57033194948269,0.0487409394415913,0.159016484916472,802.42241388521,3.37963998450115,15.0681391433115,0.770567860491292,0.528854620145989,0.445934500271787,9.56248987927512,0.125217548371476,0.294428026077965,0.000107305110963406,1.91965290399709,0.29831620164203,10.1417585383256,0.105624075441661,0.174066198582748,6.25166630827872,0.0245639592932583
"CD36",0.0160328937659543,0.00522867047287301,0.0235015387135608,0.00511447540109486,0.07114572119527,0.0465513286054315,0.140771724306149,0.964466089044998,8305.37176501179,0.0854974445279859,0.0332445888275201,3.95903737648531,0.0105960398890686,0.00642896633564336,11698.2589154627,0.0339876593390986,280.925138323056,2.18852775980518,1.20982738362462,0.705748398643692,0.0208749809566692,0.0029076627506096,0.0116007613483743,0.0466053444788434,0.110325277832008,0.0412154041707382,0.00360875509216163,0.10000973223832,154.917209388041,6.16547405493632,22.3909305637577,740.112715103137,0.00750010286079004,1.500108479862
"KIR2DL1",0.00822694298302426,0.00541079488763243,0.00978490192382182,0.00602572675065754,0.100427741285735,12.4837187515864,0.0101041845538233,0.19526017542378,0.223735958221844,914.485111484032,15.7464558101985,0.0945866790087855,0.0501024655054307,0.00237451670583959,5.9268668801374,0.0358039476062536,4.27484573212985,0.00698465743977703,0.00985034261886136,0.0308811315917183,0.00903117053364447,0.00497217839185036,0.020545177018993,0.0199938539531858,0.017697354991501,0.0140168162129861,0.00679020351880381,0.0519139589874421,0.00954301152640129,7.96993625365735,0.248263757997277,0.0215999373086318,0.0215343609711827,0.00841376525035438
"ITGA1",0.289048785579187,0.030669875863227,0.309017304353355,0.0585197199500085,1.47066620323611,551.048898645744,13941.0258216983,0.777328340519846,3295.12631488295,1.22054470217136,17.089417847911,0.200835052196317,0.861470115470539,0.0443318740209551,5888.56167199689,0.0180130427769544,0.144024991442622,1.97717664459664,132.673025364801,0.09720227358327,0.0148209647650583,1.83666949115994,0.441032555540982,99483029.1527269,0.00892676416653944,0.14769338797225,0.00599861595549424,0.315569457612931,0.0124798957551426,0.89333296918934,32.0339475629154,17.5878944301695,0.0555103614122893,0.16494109745743
"ITGA4",0.755592133590248,0.165349963476054,1.90186936214605,0.271538218325284,30.491601846426,32.979374600748,274.558326260726,40.9982969537919,13.9356792562156,7.59596907548376,7.13670760099484,33.6036684113837,2.81268528385662,0.375273754810016,11.7033780865842,0.170074448510778,61.6695954952272,5.11248606608397,160.099008789599,17.9774265892702,1.83343445902742,19.812896787661,27.6898411472138,18.2629929091129,17.1737467723516,0.385717692895238,0.930652121922078,3.14285128772989,100.951922452543,5.2206261658975,33.7021938321916,3.42931308613196,0.399578763765925,40.4364820027293
"NT5E",0.0741059177906329,0.030182172355546,33.1727205902218,0.0260388812464225,626.042631549099,0.0591303257316169,0.175830365365316,14.5473106635167,3.48549145231725,0.0410857282328949,836.665254751177,17.4879166799137,0.0851431138920893,0.658555060845953,1.72981216091835,0.0305959661384184,0.436962747996738,0.0553319780067192,0.491026439617667,125.408527630565,0.060949251915141,6927189.51129753,0.166713578155704,0.496948917542576,0.518527200812662,0.705735442596132,0.651237596983687,1.18936508153559,0.0869494341613035,0.178873478030893,0.047706930380475,36.4310004130367,0.100418921849896,0.127616533212398
"TCR-vA7.2",1156.8868068505,1.14967023213884,15.1958523277612,44.3510541015292,0.0627008931092998,2.20130250427517,152.304192032557,0.0521573588952127,0.157310907417193,0.0544152202555181,7.19102560665286,0.0402179579171119,0.234344936869797,0.240667302164007,52.3683809543932,0.0251583974107824,0.0309065047551454,276.473766560138,137.669516501312,0.173781900283124,0.0654280888481806,0.402540913527941,0.172201044339392,6.25010264574443,0.0265326843124216,41.6202808004292,0.00847645178905983,0.124247253601936,0.0290645731731064,1.09194857542725,0.0462631908501189,0.152196389509249,46853.5617253762,0.100140850676141
"TCR-vD2",4.41709459584235,21.8234432284019,1994.92610418077,0.138831879941565,2963.81629257939,19822714.0718191,1006250.20643985,80.803508138144,2437.11818308205,183.484699783477,194842.510758591,88.2842313950307,2715.37979360061,0.532609378808599,541434.321538012,74.0107855856376,797.947122475573,719651972.170726,65.2512046199307,1052.62625983361,7.02487477960047,0.0619151452466992,0.0354574960503789,1361271.07158025,0.0301188397253364,1.19896441211125,0.0217570692418626,0.253698560984643,387.735595339634,0.0751343317851689,0.0661576119716052,0.0568449100288817,237433.409539324,0.015302544198455
"OLR1",0.00347972848667654,0.00294796049784212,0.0026788836327732,0.00355370937031271,0.00878585161369325,0.0035598417904549,0.00185212151820135,0.00486863318324759,192.717925049884,0.00267268663392335,0.00330478244483444,0.00349733349646081,0.00270826428928003,0.00163484229218809,0.344742153802145,0.0519509779704155,3.71823363105577,0.00303666643880938,0.00448354673374283,0.00218540335748504,0.00186623882113612,0.00363084036623116,0.00927704909585824,0.000952649623415587,0.00152015036665032,0.00432735949847695,0,0.0070153030240522,0.000820806455858224,3.88302491585443,88.5488578665039,0,0,0.000996692305956754
"KIR2DL3",0.0513889275571447,0.004116915102303,0.0169407512838857,0.00723868025642255,0.00600266047126671,2.14661605520953,0.0116535554704277,0.00707263468088131,0.0135209203816068,2.30910251308504,1.44456625585599,0.0142749787134324,0.0180327983116365,0.00510934735268675,0.114703771057581,0.00659525704602787,0.0084394777606675,0.00680325658776131,0.134113574169823,1.66049999840848,0.00314172509407651,0.00234686131185701,0.00187264994310701,0.0110606145022864,0.0112879880858459,0.00251749202912726,0.000762661915106276,0.0411434310494089,0.00528941444304643,0.352081037570989,0.000407753988194481,0.0192883290981942,0.00244799959019047,0.00457411210824668
"KIR3DL1",0.0430512528866338,0.0297841497825618,0.0665501288885059,0.0378214326299852,17.7028456591449,2684839.70305683,139.491414986259,0.0835317372206548,2.0203681592545,1379859.08330742,5935299.21529049,0.111709063339332,0.718282204092156,0.041769391277366,4017.60918980119,0.215472938234656,661.842179651351,644.522993121063,114496.311939748,0.105027134465683,0.0487930625180247,0.0534687948043279,0.0370547457495963,0.107238834555176,0.0394910290279748,0.0743980120954049,0.0328541906307279,0.284983529276941,0.0571958482934723,2032201.90356858,0.0917651503392345,0.0453401497563487,0.0542670090511141,0.00691939798095754
"SLAMF7",1.72756400362698e-05,0,0,0,1.75508133865864e-05,1.16036904567113e-05,1.96213551280775e-05,1.5745956065764,0.00129142041856192,0,0,0.000267447406115581,0,0,0,0,0.0111271848054013,0,0,9.50962616462216e-05,0,0.000126211564139611,0,0,0.000207168649730002,0,0,0,0,0,0.015744864576415,0,0,0
"CD99",18.7632976497816,19.1357548721669,17.1650953901145,3.86529325041656,3.20738958479005,5924.97626563317,234477.729679952,226.431408193872,2673.74887511581,329.071525373203,1296522.94312495,2803.47553229497,4959.92519385215,3.29129486984477,2919.83342021963,3.63438960977925,8.28944240909827,1839.32417621523,178266.273175145,44.7184993588655,4170.33813270296,315.02107277789,596.534445061836,5482.89897756265,1447936.42766141,5.86220169437646,0.168827278763548,74.1865128543415,8898.30636762413,175.584210553383,58.1702717115276,12.8973517436992,13.63117154964,1782.98999974882
"CLEC12A",35.1468629351601,0.115692968662296,2.48109495270453,0.201123839575375,1.25250500307514,3.80459908282744,0.495982456394929,0.644864424159741,7323085114.60117,17.0961440006597,0.342261486315318,706.045686647653,2.37612624384854,0.254364607148525,33245.9432216687,35.9974065658185,453001430.749594,7.80150848453368,0.071280860280848,2.08750523622703,0.0692120620966617,0.197446058568316,0.867234679285351,0.218204091483382,4.01830319075855,1.00692168099922,0.0749439054783451,76609.1075208942,34714.4555788202,55221.8352890268,24158020302.5904,0.129194494125683,0.168731995255083,0.427906629165253
"SLAMF6",0.525580074416931,0.0634410511487877,0.700855275533409,0.138796415285907,12.7857022280601,2.29818884536779,5.36272350618863,14.394820109772,0.0772084404363478,0.742793394141749,4.42168559697156,14.1424746644707,1.21725858942919,0.129638494062092,0.897976847968789,0.0128906612569811,0.0526769781916228,6.64635042430307,4.11645766057893,5.16122994542088,0.476425104350089,1.11380941007487,0.675451379832811,1.46271817123776,36.4193168683875,0.0769005666081106,0.635294513978101,3.36470466326651,0.0324801032978075,0.378429519097977,0.0682609081770372,10.8149363300104,0.44987574823196,3.01388737572179
"KLRD1",0.0399912752010778,0.0088994800195467,0.049066422559166,0.0434180520725666,3.50436981859474,1945.26137379506,0.0944508318189361,0.08461462054536,0.229556204787102,10997.0608875242,80.8660273692044,0.346204728035843,1.60650873097961,0.0214257549763173,177.273651784293,0.171708362170885,0.156216754915967,2408.62597553107,5.05276823955509,0.081162809319837,0.0182794903461723,0.153600193473079,0.0613013674617939,22.6852507041288,0.0637002863315246,0.0182184183539798,0.0108144529406037,3.64600267660397,0.0561234449735276,534.866147069024,0.0405080826336173,0.0321820173752105,0.0267902456600043,1.58629410536941
"IGKC",0.0103468945451608,0.000311003185606176,0.0121185259547804,0.00048214476987951,0.514290954536864,0.0275984521159018,0.00787011650993436,1.38264502844221,4.12270702195439,0.402123761085807,0.0138147195561747,1.72174425564983,6.85047668496752e-05,0.000512908154127899,0.0102254252812999,9.66286154601229e-05,6.15120364708142,0.0978224886615949,0.0656606991328365,0.848853130708569,0,0,0.000359413757497031,0.00858674147153335,0.379239773092261,0.000797380623591116,0.0241522632770317,0.0683294961053002,0.00229637134510846,593.842962478663,0.00636634790290207,2.31228935625227,0.000261739399611178,0
"LILRB1",0.000672742606993843,4.88567816765842e-06,0.000504331461373637,5.66413873704539e-05,0.0104884840465433,0.000109503409029819,0.000121096030054116,0.0504205541883301,0.0311565634761972,0.00110611492572896,0.00047122226421659,0.00896425045399037,0.000941891985747396,9.55370056088657e-05,0.000493749595430039,0.000224888535007792,0.262923186744743,0,0.000351798226642324,0.0223054210125276,8.58154497169801e-06,2.88448515461973e-06,0.00024212602591855,0.00101250429629626,0.0379147411922864,0.00094433149339455,0,0.00312737768433689,0.0352642361283591,0.0412390206022573,0.0152301577204683,0.0107774340767982,0,0.0182649732223066
"FCER2",0,0,1.90139858179104e-06,0,0.00587473281707133,1.49100884187065e-05,0,0.0215232590872464,0.000486446373571048,0,0,0.00367052602333828,0,0,0,0,0,0,0,0,0,0.000530121940385593,0,0,0.000526073064476251,0,0,0.00333959768810819,0,0,0.000293778956439011,0.00363794905122601,0,0
"Human-Ig",0.0144565201841802,0.00030766188356189,0.00768851768311613,0.000594465705491017,0.872384970173359,0.0312030480349966,0.00215935607669836,5.50071490508728,4.59922354569864,0.425728326970983,0.0256228817702098,7.36100450406052,0.00107869023250808,0.00183491632511825,0.0173433791010328,0.000645426431963444,9.07251590514805,0.0802884113765268,0.0472679725489622,2.1881332130922,0.000570333522120491,0.00490841883348613,0.00342416656894891,0.0325407604432272,0.713141604841997,0.000389218804457164,0.15413361359172,0.232951983883552,0.00339093351443063,716.874880983752,0.0347425731896155,4.46700803591705,0.00313441123048805,0.0474909752580203
"SIGLEC7",72.4625204873568,0.319174290448609,382.298062244773,1.62203465470346,0.522209574083247,6797.35327875059,0.830949686304698,19.2070693657675,9053105412618010,411191130.110514,0.951019471955477,1628.52168460109,17.2285918834913,0.227645206091133,1988.94874009651,0.449171672796626,348625757360.452,79073.2943870583,2.50219688706503,113.683463970293,0.394419928659081,0.148015637779089,83.929947186037,0.432136254492628,2.04268500361486,0.646280503127991,0.0591230725482047,3.71430541382508,0.70981178705889,47217.3175174902,8556538.89716737,0.571181351653632,0.578867712404659,0.030053235138359
"ADGRG1",0.10223538698579,0.023978981775868,0.0621105468714247,0.0436557656790589,0.30922729399132,290.447468555873,0.0397722973204953,0.139905883208064,0.30491567188896,1655.75055618311,0.174578709858339,0.0752235483664062,1.66814820587266,0.0423293211482672,11.82462928945,0.0564507966609678,0.0996744963562465,1.19843133751412,2.19076729241969,0.0713368499305149,0.0259525675123193,0.0334130228529361,0.0243908579992487,0.0365309697969001,0.380527840558935,0.0752900468554501,0.0276309158716214,0.199879283912196,0.104056911975328,36.4514377256309,0.0360536853500777,0.114989916572508,0.0759243868934575,2.05140242685842
"HLA-E",0.0209459664415104,0.00491423631053491,0.0306391774681209,0.00343752008739366,0.00786020692508067,0.0097216893256625,0.0122753922719362,0.0417734128727564,0.0387132741862983,0.0114819108538046,0.0160466861651291,0.016180773374503,0.0176729459103377,0.00430290056291585,0.00733576591196359,0.00128159745729749,0.347636153840424,0.00446787237882285,0.0195658055524095,0.00370554173865954,0.0072307104545301,0.00537812077779043,0.00136387178920719,0.0181342915158898,0.0557990016323858,0.00452395642723838,0,0.0409331712695685,0.00439602911155486,0.0353987375934959,0.0100175641017348,0.0244537392044213,0.0620509233999011,0.118307814280376
"CD82",0.0955159230142069,0.00422626656430297,0.00111744478224446,0.026435103969705,0.0751829262195325,0.00545062053740115,1.91655144966829,2.35542564608961,0.18319296296975,0.00231820980201072,0.0572412688054139,0.374659076229088,0.0681151089439823,0.000974142679624701,0.088110214088622,0.00575762326793189,0.00994468900227529,0.0356940071703365,0.0692431803738602,0.0858522305610232,0.0425018865031778,0.0101320195613944,0.0284219935141243,0.15892087486278,6.65057909589473,0,0.00676350645169119,0.0355311502777489,0.60382378350809,0.000396055075348788,0.0488856514932039,0.548357053254074,0.0136784803420704,0.25333230416999
"CD101",2.90853285614811,0.100834401971511,13.6540810344177,0.2776160521265,0.0199072998542521,1.33572240999058,76.0705732743916,0.0236255250002723,289.941338818605,0.171102660892399,0.0780933118203185,0.0313094823780792,0.326280732212736,0.364889539280838,1.82208106927147,0.0568219308218643,512.413863320969,48.5562710277803,150.26947129764,0.0460973774998644,0.0648005030085341,6.13239731052994,0.341500528953317,2.14438953351014,0.0141807694492891,0.0488230025665475,0.0124539219564912,0.417314440169893,0.0322363694103711,25.8210131570293,3025.94805528767,0.0195570464019022,0.106563358876844,59.964751620492
"C5AR1",0.00640979947761101,0.00219108789697649,0.000958911132969238,0.000377809475906632,0.00365105219523253,0.0052742813284798,0.00313858624086843,0.00966353416051257,0.457992892638523,0.00582390475562786,0.12588047332354,0.0409517230674943,0.00118450534926067,0.00242659314891816,0.0102612858352003,0.000837182243922482,3.26746220127414,0.00586773024152844,0.000343595757053983,0.000541900619293992,0.0139692434714723,0.00155675243746145,0.00219346044821947,0,0.0171209325167225,0.000880546830370184,0.000498006591125262,0.00426038942878897,0.00364638270713246,0.19613949757199,0.00894158658805057,0.00390903702050071,0,0
"GGT1",0.372431821541127,0.00603716390295254,0.0167049258018595,0.00659412967510658,1.70677274389045,0.00742222712892786,1.55050521364414,0.00550834936601615,0.95658950124627,0.00228274611767453,0.0027778069088618,0.0366493347471075,0.392223812798818,6.15141834493779e-05,0.137237955433131,0.00126368351539346,0.133201602668929,0.155384937227701,0.337021946925974,0.895288910605971,0.0178899023657541,0.009037703572753,0.15481300098997,0.606873359954162,0.0029335631779589,0.0113786556759468,0.023420733562653,0.125387010422682,0.017252539262692,0.223780365412149,0.094886836852724,0.0917395284538101,0.0641433676325773,0.023257074186703
